Src_NodeID,Dest_NodeID,Weight,B1,B2,B3,B4
86,201,81.55,1,1,0,1
566,284,54.63,0,0,0,1
781,245,87.49,1,0,1,0
387,258,22.96,0,1,0,0
583,567,94.12,0,1,0,1
661,802,95.97,1,1,1,1
273,143,28.87,1,0,1,0
739,531,2.46,0,0,0,1
191,466,7.2,1,1,0,0
53,159,69.43,0,1,0,0
424,428,98.72,0,0,0,1
7,740,7.05,1,1,1,0
565,343,64.71,1,1,1,0
417,918,43.5,1,1,0,0
833,560,44.14,0,0,1,0
850,622,91.86,0,1,1,1
718,230,71.7,1,0,1,0
632,549,27.07,0,1,0,1
943,749,88.21,1,1,1,0
209,407,38.02,1,0,1,0
780,487,16.42,0,1,1,1
133,583,39.23,0,1,0,0
378,233,36.56,1,0,0,1
217,71,52.35,1,0,1,1
431,780,31.33,0,1,1,1
75,870,14.79,1,1,0,1
101,130,78.74,1,0,0,1
223,203,61.29,1,0,0,0
622,359,9.35,0,1,1,0
165,645,82.28,0,0,1,0
369,305,87.13,1,1,0,1
857,407,89.79,1,0,0,1
738,493,41.62,0,0,0,0
235,972,21.66,1,0,1,0
95,569,35.82,0,0,1,1
901,956,2.59,0,0,0,0
743,718,24.29,1,1,1,1
949,891,15.22,1,1,1,0
798,980,62.37,1,1,1,1
930,689,34.38,1,1,0,1
493,834,1.08,1,1,1,1
529,13,76.49,1,1,1,0
224,938,80.26,1,0,1,0
667,569,70.31,1,0,0,0
392,575,87.25,1,0,0,0
690,534,81.05,0,0,1,0
814,106,9.95,0,0,1,1
442,381,4.72,0,0,0,0
319,363,57.73,0,1,0,0
768,161,42.64,0,0,0,0
898,432,83.49,0,0,0,0
914,852,78.16,1,0,0,0
410,838,65.25,1,1,0,1
143,720,88.75,1,0,1,0
969,586,47.63,0,1,0,0
834,521,92.44,1,1,1,0
789,914,63.84,0,1,0,1
740,148,98.91,0,0,1,0
118,485,89.74,1,0,0,1
796,295,99.07,1,0,0,1
752,262,67.23,1,1,0,1
740,186,75.47,1,0,0,0
110,865,14.24,1,1,0,1
554,728,11.74,1,1,1,1
181,130,18.83,1,1,1,1
258,408,95.07,1,0,0,0
380,807,72.65,1,0,0,1
110,864,92.06,0,0,1,1
391,68,51.05,1,0,1,0
470,628,61.41,0,0,1,1
938,103,58.78,1,0,0,1
719,515,41.73,1,0,1,0
958,810,12.51,0,1,1,1
35,597,76.44,0,1,0,0
316,703,39.99,0,1,1,0
654,265,72.16,1,1,1,1
584,720,59.11,0,0,0,0
590,56,5.96,0,0,0,1
198,337,88.64,0,1,0,0
509,757,4.5,1,0,0,1
667,372,83.07,0,0,0,0
861,127,80.01,0,0,1,0
622,531,70.16,1,0,0,1
379,72,32.21,0,0,0,1
943,864,78.24,1,1,0,0
750,115,21.87,1,1,1,1
937,449,81.58,1,0,1,1
668,500,48.55,1,1,1,1
708,974,83.85,0,1,1,1
371,433,98.46,1,0,1,1
865,650,35.82,1,0,0,0
184,618,22.97,1,0,1,0
434,975,38.21,1,1,0,0
823,508,94.83,1,1,1,0
787,612,85.69,0,1,0,1
867,436,86.75,0,0,0,1
11,390,34.6,1,0,0,0
790,376,84.45,0,1,0,0
818,372,39.35,1,0,0,1
621,694,25.57,0,1,1,1
62,681,13.28,0,0,0,1
268,264,88.51,1,0,1,0
978,639,80.17,0,1,1,1
251,986,89.92,0,1,0,0
549,236,46.07,0,0,1,0
414,345,84.57,1,0,0,0
819,124,1.55,1,0,0,1
580,827,84.35,1,1,1,0
987,265,48.27,1,1,1,1
98,465,33.86,1,0,0,1
426,129,12.53,0,0,1,0
181,945,18.33,1,1,1,0
99,5,76.88,0,1,0,1
416,236,29.24,0,1,1,0
650,425,89.78,1,0,0,1
484,321,14.14,0,1,1,0
997,183,84.95,0,1,1,1
286,505,62.61,0,1,0,0
144,647,89.66,1,1,0,1
412,672,4.07,1,1,0,0
451,409,73.23,0,0,1,1
880,909,13.61,0,0,1,1
390,49,5.19,0,1,0,1
570,976,29.51,1,0,0,0
842,759,40.26,1,0,1,1
705,658,4.79,1,1,1,1
749,563,79.5,0,0,0,0
308,565,94.25,1,0,0,1
193,511,81.36,1,0,0,1
232,473,79.54,0,1,1,1
17,418,86.23,1,0,1,0
856,986,30.46,1,0,1,0
141,990,86.07,0,0,1,0
324,490,39.01,1,1,1,0
840,168,81.28,1,1,0,1
672,261,79.3,0,1,0,0
661,930,18.11,0,1,0,1
863,121,42.37,1,1,0,0
478,915,77.08,1,0,1,0
480,935,19.08,0,0,1,0
465,275,59.97,1,1,1,1
584,108,47.75,1,0,0,0
561,651,35.22,1,0,1,0
272,344,14.63,0,1,0,0
803,855,5.09,0,0,1,0
783,714,85.67,0,1,0,0
943,804,71.78,1,0,0,1
264,302,36.14,1,0,1,0
492,397,83.32,1,1,1,0
504,727,30.86,1,0,0,1
613,636,89.39,0,1,1,0
204,749,58.01,0,0,0,1
17,879,39.97,0,0,0,1
643,937,41.87,1,0,1,1
35,404,2.72,1,1,1,0
653,362,4.41,1,1,0,0
945,784,84.77,0,1,1,1
50,763,36.72,0,0,0,0
911,143,82.38,1,1,0,1
398,493,86.1,0,0,0,1
350,600,8.41,0,0,0,1
657,735,60.38,1,0,0,1
245,967,80.85,0,0,0,1
77,967,36.57,1,1,1,0
720,873,64.5,1,1,0,0
409,647,9.51,1,1,0,1
43,384,6.61,0,0,0,1
497,274,34.65,1,1,1,0
532,637,10.01,0,0,1,1
206,230,80.6,1,0,0,0
249,349,18.68,1,1,1,1
187,12,34.94,0,1,1,1
991,718,48.5,0,0,1,0
194,827,53.73,1,0,0,1
788,851,43.19,1,0,1,1
214,261,71.18,1,1,0,0
435,131,28.26,1,0,0,0
216,490,77.07,1,1,0,1
585,185,56.58,0,0,0,0
114,371,51.89,0,1,1,1
82,311,66.73,1,0,0,1
757,124,23.44,0,1,1,0
156,706,84.56,0,1,0,0
931,710,85.89,1,0,1,1
763,272,14.26,0,0,1,1
283,313,42.28,1,0,0,1
735,251,76.81,1,1,0,0
337,673,48.98,1,0,1,1
384,278,21.81,1,0,1,0
308,851,12.28,1,0,1,0
881,186,40.91,0,1,1,0
601,332,9.49,0,0,0,0
345,99,39.1,1,0,1,0
360,210,26.58,1,0,1,1
579,840,63.93,1,0,1,0
389,965,63.99,0,0,0,1
207,191,92.46,1,0,0,1
396,975,6.23,1,1,1,0
310,439,62.06,0,0,1,1
91,188,19.85,0,0,0,0
260,639,69.73,1,1,0,0
114,820,32.41,1,0,0,0
82,552,11.22,1,1,1,0
462,649,94.03,0,0,0,0
522,230,24.38,1,1,0,0
114,137,95.4,1,0,1,0
490,650,71.59,0,0,0,1
886,782,66.77,0,0,1,1
234,64,74.69,0,1,1,1
894,745,65.27,1,1,1,1
600,329,95.91,0,0,1,0
611,935,95.65,1,0,0,1
964,872,49.02,0,0,0,0
260,248,56.66,1,0,1,0
620,719,34.65,1,1,1,1
223,429,28.23,1,0,0,1
556,151,54.28,1,1,0,1
650,973,49.16,1,1,1,0
42,623,20.29,1,0,0,1
166,946,15.65,1,1,0,1
794,525,37.0,1,0,1,1
449,836,27.13,0,1,0,0
639,959,29.89,0,1,0,1
580,351,86.73,0,1,0,1
103,427,65.24,0,0,1,1
509,174,70.61,1,0,1,0
917,536,17.42,0,0,1,1
288,376,67.57,1,1,0,0
262,4,51.85,1,1,0,0
313,218,20.61,1,0,1,1
287,969,27.97,0,1,1,1
263,175,63.12,1,0,0,0
40,351,91.73,0,0,1,1
394,297,33.5,0,1,0,1
665,297,59.88,0,0,1,0
204,7,22.46,1,1,1,1
781,15,2.95,1,1,0,0
964,508,42.47,0,0,1,0
881,554,79.82,0,0,0,1
355,663,66.53,0,0,0,0
411,147,73.49,0,1,0,1
13,949,58.41,1,0,0,0
316,133,46.77,0,0,1,1
928,765,83.92,0,0,0,0
529,833,35.09,1,1,0,1
110,224,66.88,1,0,1,1
749,798,38.1,1,0,1,0
995,319,43.5,1,1,0,1
10,618,88.83,1,0,0,0
471,893,72.45,0,1,0,1
727,302,73.77,0,1,1,1
43,235,45.44,1,0,0,1
102,352,73.01,1,1,1,0
6,744,1.47,0,1,0,1
547,273,68.5,1,1,1,1
604,69,69.42,0,1,1,0
267,410,73.66,1,0,1,0
327,540,53.21,0,0,0,1
222,33,13.61,0,0,1,1
54,48,2.72,0,1,1,1
62,117,57.28,0,0,0,0
515,185,28.39,1,1,1,0
618,384,23.19,0,1,1,0
216,220,19.01,0,1,0,0
182,60,52.0,0,0,1,0
745,971,40.53,0,1,1,1
675,767,58.91,1,0,1,0
7,591,26.09,0,1,1,0
116,793,61.85,1,0,0,0
386,79,34.31,0,1,1,0
934,422,46.44,1,1,1,1
579,283,79.57,1,0,0,0
687,489,46.09,1,1,0,1
565,396,93.1,0,0,1,0
460,891,62.83,1,1,1,1
566,908,42.01,1,0,1,0
398,179,16.15,0,1,0,1
148,452,17.5,0,0,0,1
704,68,55.79,0,0,0,1
955,301,73.24,1,1,1,0
648,264,77.51,0,1,0,1
261,818,19.38,0,0,0,0
907,673,63.5,1,1,1,0
595,401,35.42,1,0,0,1
150,593,26.84,1,1,0,0
634,850,51.99,1,0,1,0
796,120,99.58,1,0,1,1
284,614,40.36,1,0,0,1
174,545,95.83,0,0,0,0
406,266,1.82,0,0,0,1
912,121,47.84,1,0,0,0
21,960,93.65,1,1,0,0
188,661,81.57,0,1,0,0
322,750,99.04,1,0,1,1
471,467,61.3,0,0,1,0
35,894,36.66,0,1,0,1
418,475,11.1,1,1,0,0
918,70,74.71,0,0,1,1
398,312,84.57,1,1,0,1
995,331,47.14,1,1,1,1
619,762,64.46,1,1,1,1
157,117,63.59,1,0,1,1
43,417,99.23,1,1,0,0
904,663,10.67,0,0,1,0
197,57,14.75,1,1,1,1
132,956,87.91,1,0,0,0
780,36,21.13,1,0,1,0
377,389,81.54,0,1,1,0
746,147,87.64,1,0,0,1
404,523,92.07,0,1,1,0
939,103,32.15,1,0,1,0
232,239,24.78,0,1,1,0
75,17,69.37,1,0,0,1
459,778,5.66,0,0,1,1
335,184,84.43,1,1,1,0
689,469,72.74,1,1,1,1
173,933,50.89,1,0,0,0
54,738,97.79,1,0,0,0
753,669,89.86,0,1,1,0
625,505,39.31,0,0,1,0
891,367,73.01,1,1,0,0
588,849,1.04,1,0,0,1
376,77,71.41,1,1,1,0
648,338,60.88,1,1,1,0
519,842,89.13,0,1,0,1
870,239,70.58,0,1,1,1
605,640,76.04,1,1,1,0
481,544,19.35,0,0,0,1
669,793,21.36,0,1,1,0
882,684,32.87,0,1,1,1
241,167,55.65,1,1,0,0
998,31,14.91,1,0,1,1
517,503,57.84,1,0,1,1
412,104,9.74,1,1,1,1
83,998,59.76,0,1,1,0
914,132,30.96,1,0,0,1
822,831,4.15,1,0,1,1
784,742,53.85,1,0,1,1
424,981,84.99,0,1,0,0
5,318,52.19,1,0,0,1
955,455,88.58,1,0,0,0
800,396,18.87,0,1,0,0
257,207,29.39,0,1,1,0
728,421,85.17,0,1,1,0
823,888,59.18,0,0,0,1
523,868,7.26,0,0,0,1
214,797,33.58,1,0,0,1
952,478,68.5,0,0,0,1
451,178,44.04,1,1,1,0
809,21,41.11,0,1,0,1
531,46,99.17,0,0,1,0
35,813,68.08,1,0,0,0
551,686,10.85,0,1,0,0
470,844,99.62,0,1,1,0
163,135,69.0,1,1,1,1
862,421,76.97,1,0,0,1
456,430,44.48,1,1,1,1
618,164,50.84,1,1,0,1
294,458,73.56,1,0,1,1
761,559,1.59,0,1,1,1
136,910,12.89,0,1,1,1
702,459,83.42,1,1,0,1
758,885,93.76,1,0,0,1
752,398,99.37,0,1,1,0
413,862,8.97,1,1,0,0
776,686,58.76,1,1,1,0
650,260,53.97,0,0,1,1
528,39,62.9,1,0,0,1
5,240,57.64,0,0,1,0
906,974,66.77,0,1,1,1
47,386,97.72,0,0,1,0
313,437,94.47,0,1,1,0
452,908,46.24,0,1,1,1
595,267,97.32,1,1,1,1
659,612,56.73,1,1,0,0
379,527,19.34,1,1,1,1
70,890,90.62,1,1,0,1
412,740,22.65,0,0,0,0
115,746,28.77,1,0,0,0
429,676,12.43,0,1,0,1
293,946,43.07,1,1,0,0
558,217,21.16,1,1,1,1
265,719,34.4,1,1,0,1
569,526,61.34,1,0,0,0
346,347,4.38,0,0,0,1
277,578,71.38,0,1,0,1
852,434,88.85,0,1,0,1
744,544,69.64,1,1,1,1
706,452,47.33,1,1,1,1
230,455,29.23,0,0,1,0
209,239,26.4,0,0,1,1
675,360,70.05,0,0,0,0
481,736,69.2,1,0,0,1
510,956,57.67,0,1,0,0
244,673,59.62,1,0,1,1
619,57,39.65,1,0,1,1
604,270,22.26,0,1,1,0
593,699,46.04,0,1,1,0
392,616,55.35,1,0,0,1
851,727,56.31,0,0,1,1
438,842,84.05,0,0,1,1
391,935,76.63,0,1,1,0
359,492,42.33,1,0,0,0
202,806,12.33,0,0,1,1
329,191,62.5,1,0,0,0
148,988,35.97,1,0,0,1
187,94,26.62,1,1,0,1
514,184,62.3,1,1,1,0
236,30,39.31,0,0,0,1
224,274,78.27,0,1,1,0
688,893,45.07,1,0,0,1
248,384,92.68,0,0,0,1
639,512,85.18,1,0,1,1
202,103,9.34,0,0,1,1
940,558,20.96,0,1,1,1
543,704,10.29,1,1,0,0
290,260,17.88,0,1,1,1
439,338,85.29,1,1,1,0
109,942,58.53,1,0,1,1
812,920,96.26,1,1,1,1
115,828,62.2,1,0,0,0
656,667,61.97,1,0,1,0
59,169,7.19,1,1,1,1
176,875,5.23,1,0,0,1
544,822,34.57,0,1,0,1
596,998,92.52,1,0,1,0
209,5,99.8,0,0,1,1
716,318,74.44,1,1,0,0
285,6,38.75,0,0,1,1
142,206,94.9,0,0,0,1
34,840,10.38,1,1,1,0
778,176,51.96,0,1,0,0
225,320,9.54,0,0,0,1
643,224,85.17,0,0,1,1
856,223,57.65,0,1,1,1
947,321,87.52,0,0,1,1
847,941,86.52,0,1,1,1
180,23,26.35,0,0,1,1
526,69,84.71,0,1,0,0
977,183,36.84,1,0,1,0
799,477,55.66,0,1,0,1
280,992,76.26,0,1,1,0
558,559,79.94,1,0,0,0
888,589,5.48,1,0,1,1
832,710,28.88,0,1,0,0
844,863,88.83,1,1,0,1
661,825,81.5,1,0,1,0
382,698,32.99,0,0,1,1
731,264,57.95,0,1,1,1
680,878,35.97,1,1,1,1
311,646,89.39,0,0,0,0
854,28,95.46,1,0,0,1
408,527,44.38,0,0,0,1
61,870,13.82,0,1,1,1
602,690,50.44,0,1,1,0
825,386,75.71,1,0,0,0
255,198,8.2,0,0,1,0
316,963,45.69,0,0,1,1
733,190,48.31,1,0,0,1
313,667,88.34,1,1,0,1
138,263,87.02,1,1,0,0
913,163,13.4,0,1,0,1
606,428,68.97,0,1,0,1
901,761,81.79,0,0,1,0
345,884,6.58,1,1,1,0
958,173,89.03,0,1,1,0
165,602,41.66,0,0,0,0
178,0,14.77,1,0,0,0
883,960,91.82,0,0,0,1
693,570,13.59,1,1,0,1
736,534,86.53,0,1,0,1
278,275,71.97,0,1,0,0
873,897,96.66,1,0,1,1
956,223,1.9,1,1,1,0
455,868,36.65,1,1,0,0
856,564,33.28,0,1,0,0
182,136,62.3,0,0,0,1
357,274,72.05,0,0,0,1
34,582,76.7,0,0,1,0
302,31,20.64,0,1,1,1
582,748,48.87,1,1,1,1
437,438,56.06,0,1,1,1
816,820,45.4,1,0,1,0
400,740,72.07,1,0,0,0
613,291,37.57,0,0,1,1
390,226,89.45,1,0,1,1
498,579,68.38,0,0,1,0
904,569,26.74,1,1,0,1
902,972,47.8,1,0,0,0
382,795,85.47,0,0,0,0
731,299,44.82,0,1,0,1
699,726,8.07,0,0,0,1
838,946,63.55,0,0,0,1
730,872,95.03,1,1,1,1
513,160,39.05,1,0,0,1
355,392,25.55,1,1,0,1
40,45,27.01,0,1,1,0
770,792,39.45,0,1,0,0
275,5,22.21,1,1,1,1
874,199,65.04,1,0,1,1
274,552,46.92,1,0,0,0
653,256,92.51,1,1,0,1
235,444,20.7,1,1,1,0
161,10,90.4,1,1,0,1
782,0,77.45,0,0,1,0
663,582,25.38,0,1,0,1
54,571,53.06,1,0,0,1
230,980,33.11,0,1,0,1
776,581,49.46,0,1,1,0
413,613,32.96,0,0,0,0
321,373,26.87,1,0,1,1
909,617,54.77,1,0,0,0
775,965,14.42,0,0,1,0
714,203,93.8,1,1,0,0
835,992,42.42,0,0,0,1
91,93,57.87,0,0,1,0
877,423,40.57,0,0,0,0
311,870,59.75,0,0,0,0
403,962,43.6,0,0,1,0
829,305,9.42,0,0,0,1
388,173,93.56,1,0,0,0
524,463,37.18,1,0,1,1
778,592,17.93,0,1,1,0
479,201,57.32,1,1,0,1
128,65,44.08,0,0,1,1
817,639,46.85,1,0,1,1
876,879,93.28,0,1,0,1
621,703,4.2,1,1,1,1
7,747,81.27,0,1,0,0
206,107,34.36,1,0,0,0
935,714,57.99,1,1,0,1
56,961,2.79,1,0,1,1
482,428,75.57,0,0,1,0
377,360,53.2,0,0,1,1
257,8,88.61,1,0,0,0
482,888,31.64,0,1,0,0
685,979,58.14,0,1,1,1
673,284,25.86,1,0,1,1
650,127,52.22,0,1,0,0
445,898,25.67,1,1,0,1
157,849,79.4,0,0,1,1
695,947,74.25,0,0,0,0
742,420,4.13,1,0,1,1
546,250,12.36,0,1,0,0
106,415,31.78,0,0,0,1
807,84,8.09,0,1,0,0
864,730,69.66,0,0,1,0
322,249,44.52,1,1,0,0
260,268,8.7,0,0,1,1
896,648,1.12,0,0,0,0
278,493,4.34,1,0,1,0
579,168,18.03,1,1,1,0
148,750,82.45,1,1,0,0
72,0,33.45,1,0,0,1
994,804,87.58,1,1,1,0
20,846,12.55,0,1,1,0
374,34,72.44,1,0,1,0
107,269,81.17,0,1,0,0
602,550,64.64,0,1,0,0
931,355,63.82,1,0,1,0
261,738,33.77,1,1,0,0
869,308,42.92,1,0,0,1
24,313,96.44,1,0,1,0
249,370,96.93,1,1,0,1
321,552,47.74,0,0,0,1
166,215,89.67,1,0,1,0
189,620,18.73,0,0,0,0
364,518,43.55,0,0,0,0
980,564,30.7,0,1,0,1
439,804,46.52,0,0,1,0
221,66,91.18,1,1,1,0
193,709,41.09,1,0,0,0
860,795,3.24,1,1,1,0
86,850,17.54,1,0,0,0
708,138,71.5,0,1,0,0
660,175,48.54,1,0,1,0
702,976,53.9,1,0,0,1
62,994,24.5,1,0,1,1
666,916,52.59,1,1,0,1
816,435,58.36,1,1,1,0
687,936,79.96,1,0,0,1
461,360,47.76,1,1,0,0
416,273,40.5,0,0,1,0
146,254,26.29,0,0,0,1
997,485,13.01,1,1,0,1
571,967,61.62,1,0,0,0
89,419,92.45,0,0,1,0
440,665,17.66,1,0,0,0
530,257,75.11,0,0,1,1
319,213,56.75,1,1,0,1
744,187,96.45,1,1,1,1
314,636,86.94,1,1,0,0
791,921,83.54,0,0,0,0
947,52,63.15,1,1,1,0
580,843,52.36,0,0,1,1
869,719,79.15,1,0,0,1
955,20,34.69,1,0,1,1
499,694,67.49,0,1,0,1
96,554,35.02,1,0,0,0
909,245,69.16,0,0,0,0
106,277,88.68,1,0,1,0
661,303,80.26,1,1,1,0
226,144,91.64,0,0,1,1
365,457,90.55,1,1,1,0
804,982,88.32,0,0,0,1
516,537,52.66,0,0,0,1
666,354,21.54,1,1,0,0
53,913,57.34,0,1,1,1
773,885,22.29,1,1,1,1
917,113,72.08,0,1,1,0
670,290,32.53,0,1,1,1
307,370,27.04,0,0,0,0
217,997,54.83,1,0,1,0
304,341,65.86,0,1,0,1
43,182,73.64,1,1,0,1
586,909,42.28,1,1,1,1
660,543,80.72,0,0,0,1
875,450,12.54,0,1,0,0
548,466,63.77,1,0,0,0
681,751,78.96,1,1,0,1
898,489,6.03,0,0,0,0
812,491,82.66,0,1,1,1
541,893,66.74,1,0,1,1
764,888,66.64,1,0,0,0
467,459,72.14,1,1,0,0
267,501,47.83,0,1,0,0
525,163,10.51,1,1,1,0
392,984,54.24,1,1,0,0
815,81,93.3,1,0,1,0
120,399,34.66,0,1,1,1
973,584,85.12,1,0,1,1
166,525,4.75,0,1,1,1
283,385,24.32,0,0,0,0
404,51,33.66,1,0,1,1
888,911,75.71,0,0,0,1
178,917,90.06,0,0,1,0
716,298,47.84,0,1,0,0
48,698,24.32,0,1,1,1
567,82,3.66,0,0,0,1
218,736,35.72,0,0,0,0
320,240,65.89,1,0,1,0
460,522,60.85,0,0,1,1
761,400,37.31,1,0,1,1
119,235,1.62,0,0,1,1
420,313,4.48,1,1,0,1
660,128,18.07,1,1,1,1
172,109,59.94,0,1,0,1
224,855,57.81,0,1,1,1
430,436,43.52,0,0,0,1
901,286,27.4,0,0,1,0
625,76,16.54,0,1,1,0
227,189,51.08,0,0,0,1
301,187,69.06,0,1,1,1
823,928,37.03,0,1,0,0
321,890,48.82,1,1,1,1
176,483,89.22,0,0,1,0
40,493,83.02,1,0,0,1
112,556,34.02,1,0,1,1
686,362,25.8,1,1,1,0
16,4,75.72,1,1,1,1
817,48,15.65,0,0,1,1
899,209,31.53,0,0,1,1
948,848,13.02,0,0,1,1
238,530,25.17,1,0,1,0
567,704,1.07,1,1,1,0
974,263,96.71,1,1,0,1
65,85,73.53,0,1,0,1
896,927,29.81,0,1,1,0
356,285,3.39,1,1,0,1
851,587,33.79,0,1,1,0
436,804,94.08,1,0,0,0
133,902,6.01,0,1,1,0
62,281,14.66,1,1,0,0
714,134,60.94,1,1,0,0
924,357,15.74,0,0,1,1
694,846,3.07,0,0,0,0
618,645,94.49,0,0,1,1
379,256,57.52,0,0,1,1
474,531,15.94,1,0,0,1
845,33,73.8,1,1,0,1
658,238,4.35,1,1,0,1
945,791,49.54,0,0,0,0
256,935,66.68,0,1,1,0
278,80,38.33,0,0,1,1
210,116,94.2,0,0,1,0
7,438,57.7,0,1,0,0
607,369,34.88,1,1,0,1
175,614,9.39,0,1,0,0
712,993,30.67,0,0,0,0
617,706,41.54,1,0,0,1
710,854,9.84,0,1,1,0
472,364,69.68,0,0,0,0
323,619,39.24,1,0,0,1
32,318,90.15,0,0,1,0
317,408,95.39,0,1,0,1
469,371,81.22,0,0,1,1
787,146,65.28,1,0,0,1
476,782,8.83,0,1,1,0
120,930,10.78,1,1,1,0
721,798,72.5,0,0,1,0
885,271,3.96,0,0,0,1
24,776,36.06,1,0,1,0
823,497,59.09,1,1,0,0
718,58,15.49,1,1,0,0
31,477,6.54,0,0,0,0
872,949,23.08,1,1,1,0
540,308,21.07,0,1,1,1
637,332,79.7,1,0,0,0
475,649,31.14,0,1,0,1
307,495,13.8,0,0,1,1
857,972,11.87,1,1,0,0
159,670,67.75,1,0,0,0
300,814,71.45,0,1,1,0
212,31,84.65,1,1,1,1
463,990,42.24,1,0,1,0
624,216,15.75,1,0,1,1
107,223,53.76,1,1,0,1
194,3,93.51,0,0,0,1
967,484,95.66,0,1,1,0
699,466,18.86,1,0,1,0
545,499,71.37,1,0,0,0
816,829,17.26,1,0,0,1
134,953,6.41,0,0,0,1
637,684,19.07,1,0,0,1
528,209,75.0,0,0,0,1
882,215,7.06,0,1,0,0
889,396,5.49,1,0,0,0
220,390,32.84,1,0,1,1
719,321,90.05,0,0,0,1
959,858,84.37,1,1,0,0
472,575,66.27,1,1,1,0
618,557,83.12,0,1,1,1
27,655,35.49,0,0,0,0
429,825,49.83,0,1,0,0
809,72,91.52,0,1,1,0
724,498,32.73,0,0,1,0
294,821,15.73,1,1,1,0
356,799,34.76,1,0,0,0
498,877,54.01,1,1,1,0
997,777,75.78,0,0,1,1
88,54,76.94,0,0,0,0
43,420,74.5,1,1,0,1
992,134,50.96,0,1,0,1
958,201,65.45,1,1,1,1
250,683,55.58,0,1,0,0
50,224,51.47,1,1,0,1
436,826,82.03,1,1,0,0
790,393,68.58,0,1,1,1
85,744,81.37,0,0,1,1
695,583,22.03,0,1,0,0
341,758,23.19,1,0,1,0
165,756,79.41,0,0,0,1
999,656,38.78,0,1,0,0
763,854,66.92,1,1,0,0
488,328,66.43,0,0,1,0
792,751,83.14,0,0,1,0
393,700,55.36,1,1,0,0
438,260,48.51,1,0,1,1
612,829,83.43,0,0,1,1
907,688,24.5,1,0,0,0
160,350,66.47,1,0,1,0
936,733,92.26,0,1,1,1
235,548,92.98,1,0,1,0
795,701,70.12,0,0,1,0
335,578,6.31,0,0,0,1
583,440,15.83,1,0,0,1
130,587,18.34,0,1,0,1
898,724,92.84,0,0,0,0
243,620,70.79,0,0,0,1
775,494,6.45,0,1,1,1
616,710,10.05,1,0,0,0
839,65,88.54,1,1,1,0
897,632,70.66,1,1,1,0
254,665,58.06,0,1,1,0
287,197,42.61,0,0,0,1
357,902,97.27,0,1,1,0
395,483,86.99,0,1,1,0
681,735,62.42,0,0,1,0
163,513,14.16,1,0,1,1
172,51,64.33,0,0,1,1
465,408,68.42,1,0,0,0
609,566,69.4,0,0,1,0
109,798,17.39,0,0,1,0
31,787,98.99,0,0,0,0
875,56,45.71,0,0,0,0
947,985,94.17,0,0,1,0
310,786,17.38,1,0,1,0
693,66,85.57,1,0,0,0
73,225,93.54,1,1,1,1
440,8,78.78,1,1,0,1
12,452,36.67,1,1,1,1
374,687,68.45,0,0,1,1
971,125,21.23,0,0,0,1
416,988,90.17,1,1,0,1
841,485,33.35,0,1,0,0
594,576,87.39,1,1,1,1
798,685,12.86,0,1,1,1
674,381,85.24,1,1,0,0
403,664,29.2,0,1,1,0
66,716,21.1,0,1,0,1
240,367,37.61,0,1,1,1
918,45,55.13,1,1,1,0
891,263,93.03,0,0,0,0
725,69,16.73,0,0,1,1
687,5,91.18,0,1,1,0
368,82,26.79,1,1,0,0
234,509,26.14,0,0,1,1
522,43,28.83,1,0,0,0
469,69,24.93,0,1,0,1
672,417,30.86,1,1,0,0
125,377,1.26,0,1,0,1
892,482,49.51,0,0,0,0
392,526,66.39,1,1,1,1
565,90,47.9,1,1,0,1
159,460,74.26,1,1,0,1
448,375,57.76,0,0,0,1
789,419,69.23,1,1,1,0
99,134,61.09,1,0,0,0
104,714,69.9,0,1,0,0
895,843,79.24,1,1,1,0
861,333,51.0,0,0,0,1
92,897,65.47,0,1,0,0
150,959,82.67,0,0,0,1
440,49,74.45,0,1,1,1
122,361,54.15,1,1,1,1
185,112,81.81,0,0,1,1
715,198,63.44,1,1,1,0
533,919,36.57,0,0,0,1
729,233,94.22,1,0,0,1
131,239,25.16,0,0,1,0
504,264,91.04,0,0,0,1
906,249,64.81,1,1,1,0
720,480,22.55,0,1,0,1
300,193,30.68,0,1,0,1
20,329,37.12,1,1,1,1
554,249,98.39,1,1,0,1
861,703,11.22,1,1,1,1
335,802,56.39,1,0,0,0
446,589,36.27,1,0,1,1
198,176,67.5,1,1,1,0
918,909,67.06,0,0,1,0
968,69,54.16,0,1,1,1
51,272,68.34,0,1,0,0
342,269,36.99,1,0,0,1
786,629,92.26,1,1,1,0
410,435,38.75,1,1,0,0
29,764,55.79,1,1,0,0
834,831,66.86,1,1,1,0
690,55,70.62,1,0,0,0
514,850,97.26,1,0,0,0
524,196,8.9,0,0,1,1
437,444,84.59,0,0,1,0
772,394,89.15,1,0,0,0
85,500,31.44,1,0,1,0
633,186,20.0,0,1,1,1
159,603,10.67,1,1,1,1
335,832,36.08,0,0,0,1
787,391,61.99,0,0,1,1
70,878,66.5,0,0,1,0
547,254,14.13,0,0,1,0
484,629,52.12,1,1,0,1
265,576,74.37,1,0,0,0
527,253,23.49,1,0,0,1
761,735,46.2,1,0,1,1
279,548,63.43,1,0,0,0
749,472,74.63,0,1,1,1
87,609,21.51,1,0,0,1
854,667,9.01,1,0,0,1
2,910,53.65,1,1,0,0
563,574,50.13,1,0,1,1
480,188,19.52,0,1,1,0
530,122,65.03,0,1,0,1
244,843,45.15,1,0,1,0
682,456,42.05,1,1,1,0
456,158,57.75,1,1,0,0
560,31,58.32,1,1,1,1
41,239,62.9,1,0,0,0
777,982,35.9,1,1,1,1
200,308,6.77,1,0,0,1
818,235,8.23,1,0,0,1
520,758,22.07,1,0,0,0
162,4,58.69,0,0,0,1
142,405,84.61,1,1,1,0
508,641,91.48,1,1,0,1
804,455,59.92,1,0,1,0
75,965,86.36,1,0,1,0
487,204,40.18,1,1,1,0
80,145,89.14,1,0,1,1
887,455,28.73,1,0,1,0
786,231,99.2,0,1,0,0
746,149,86.99,0,0,0,0
996,935,49.47,1,1,0,1
275,217,14.91,0,0,1,1
530,287,55.47,1,1,1,0
71,784,40.21,0,1,1,1
354,813,57.78,1,0,0,0
873,939,59.41,1,0,1,0
567,407,29.13,0,1,0,1
586,313,43.61,0,1,0,0
126,769,56.42,1,1,0,0
958,35,5.36,1,0,0,1
821,78,67.89,0,1,1,0
267,818,82.71,1,1,0,1
660,397,70.02,1,1,1,1
271,127,20.8,0,0,0,1
303,577,47.26,0,0,0,1
936,816,39.68,1,1,1,1
699,70,67.68,0,1,0,1
246,849,54.63,1,1,0,1
384,824,59.18,0,0,1,1
531,125,18.42,0,0,1,1
309,14,86.48,0,0,0,1
648,280,40.52,1,0,0,0
625,317,76.85,1,0,0,1
300,142,69.96,0,1,0,1
812,634,49.14,0,0,0,1
467,138,33.32,0,0,1,1
90,168,82.95,1,0,1,1
475,992,20.67,0,1,1,1
270,90,89.75,0,1,0,0
691,206,48.72,0,1,1,0
295,832,86.21,1,1,1,0
170,0,2.37,1,1,1,0
533,279,20.22,0,1,1,1
180,372,92.89,0,0,1,0
0,290,79.13,1,1,1,1
938,273,40.23,1,1,1,1
749,546,88.23,1,1,0,1
205,169,58.77,1,1,1,1
153,545,36.39,0,0,0,1
177,282,66.19,0,0,0,0
14,205,90.17,0,0,0,1
592,483,67.68,1,1,0,1
610,844,25.49,0,0,0,0
37,27,26.11,0,1,1,1
692,650,56.33,1,0,0,0
633,888,4.39,0,0,1,0
615,251,67.36,1,0,1,0
806,711,92.64,1,1,0,0
423,207,34.4,0,1,0,1
742,46,28.07,0,0,1,0
483,850,53.81,1,1,0,1
118,501,64.69,1,1,0,0
268,725,21.02,1,0,1,1
610,978,18.67,1,0,1,1
265,709,79.91,0,0,1,1
947,1,3.82,1,1,0,0
608,995,4.14,0,0,1,0
479,656,85.1,0,1,0,0
918,724,41.53,0,1,0,0
531,922,94.43,0,1,1,0
794,24,70.76,0,1,1,1
345,277,12.4,1,1,0,0
631,110,59.21,1,0,1,0
841,580,81.4,1,0,1,0
140,110,46.16,1,0,1,0
90,995,24.29,0,0,1,0
230,554,32.14,1,1,0,1
170,465,72.49,0,0,0,1
403,444,1.55,1,1,0,1
936,569,65.63,0,1,1,1
571,220,54.18,0,1,1,1
215,528,43.47,0,1,0,1
64,235,89.17,0,0,0,1
564,254,92.87,0,1,1,1
483,650,88.53,1,0,1,0
99,643,89.96,1,0,1,1
997,39,85.44,1,0,0,0
81,165,60.04,1,0,1,0
559,551,41.43,0,0,0,1
967,949,9.32,1,1,0,1
349,500,95.66,0,0,1,1
979,156,15.47,1,1,0,0
144,265,79.53,0,0,1,1
104,679,2.17,1,0,1,1
454,898,74.21,1,1,1,0
698,105,12.84,0,1,1,0
355,461,39.13,1,1,0,0
558,864,96.65,0,0,1,0
727,808,58.3,1,0,1,0
359,820,86.24,1,1,1,1
267,282,98.59,1,1,0,0
782,239,15.25,1,0,1,0
561,892,32.92,0,0,0,0
876,412,3.08,1,0,1,0
927,954,14.65,0,1,0,1
518,707,59.76,0,1,0,0
266,115,44.81,0,0,0,1
772,451,20.34,0,0,0,1
87,289,24.08,0,0,1,1
609,58,93.63,0,0,1,1
220,785,35.46,0,1,0,0
274,570,81.65,0,0,1,1
742,757,41.92,1,0,0,0
472,275,8.65,0,1,1,0
169,384,49.7,0,0,0,0
694,15,26.48,1,0,1,1
818,337,36.11,1,1,1,0
612,879,10.72,1,1,1,1
516,796,88.59,1,1,0,1
269,363,30.39,1,0,0,0
838,895,45.67,0,1,0,0
750,356,28.7,1,1,1,1
628,260,8.53,1,1,1,1
625,529,77.25,0,1,0,1
287,527,46.53,1,1,0,0
622,42,47.55,1,0,1,0
176,511,88.69,1,0,0,0
587,845,36.61,0,1,0,0
52,694,83.06,1,0,0,0
316,920,94.53,1,1,0,0
932,922,53.78,1,1,0,1
10,899,77.64,1,1,1,1
348,960,65.3,0,1,0,1
700,623,7.76,1,0,1,0
789,218,51.33,1,1,0,1
10,80,44.03,0,0,0,0
492,217,92.04,0,1,1,1
605,474,67.82,1,1,0,1
308,927,39.38,0,1,0,0
635,799,89.47,1,1,1,0
263,694,67.54,1,1,0,0
49,24,76.4,0,1,1,0
40,454,75.01,1,1,1,0
591,735,2.33,0,1,1,0
329,316,17.36,1,1,1,0
450,206,28.49,0,1,0,0
595,974,81.13,0,1,1,0
109,276,55.76,1,1,0,0
498,25,44.67,0,1,1,0
610,438,94.08,1,0,1,0
502,894,80.72,1,0,0,0
456,427,18.43,0,0,0,1
912,889,90.16,1,0,1,1
677,370,79.75,1,0,0,1
515,316,43.39,1,1,1,0
352,803,77.5,0,1,1,0
692,439,81.21,1,0,1,1
741,439,97.12,0,0,0,0
774,522,76.0,1,0,0,0
283,840,84.33,0,0,0,0
596,120,18.92,1,0,1,1
471,871,33.58,1,0,0,0
981,99,14.89,1,1,0,0
388,241,55.77,0,0,0,1
257,849,9.82,0,1,1,1
847,497,63.51,1,0,0,1
239,757,41.9,1,1,0,1
328,976,78.45,1,1,1,0
437,733,22.33,0,1,1,0
58,805,93.74,1,1,1,1
420,897,82.15,0,0,1,1
764,195,14.79,1,1,1,0
837,917,40.65,0,0,0,0
514,296,28.64,0,1,1,0
713,23,10.18,0,1,1,0
986,256,41.93,1,1,1,0
9,187,18.49,1,1,1,1
914,294,83.33,1,0,0,1
959,636,70.84,0,1,0,1
60,496,89.68,0,1,0,1
355,866,26.41,1,0,0,1
345,269,73.13,0,1,0,0
548,793,77.26,0,1,1,0
260,814,42.64,1,1,0,1
708,433,62.77,1,0,1,0
90,679,94.82,1,1,0,1
45,685,58.2,1,1,0,0
566,552,17.72,0,1,0,0
460,313,47.05,1,0,1,1
340,250,22.31,0,0,1,0
632,377,30.68,0,1,1,0
293,602,70.67,0,1,0,1
695,666,41.68,0,1,0,1
626,724,24.45,0,0,0,1
821,556,57.62,0,1,0,1
731,484,26.69,0,1,0,0
722,995,30.17,0,0,1,0
538,291,29.58,0,1,0,0
884,316,79.89,0,1,0,1
946,564,95.57,1,1,0,0
3,625,26.29,0,1,1,0
591,915,29.43,0,0,1,0
851,766,77.62,1,0,0,0
455,965,78.2,0,0,1,1
88,270,87.4,0,0,0,1
802,903,64.75,1,0,0,0
487,989,64.54,0,1,0,1
479,827,30.25,0,0,0,0
582,845,92.77,1,1,0,0
983,406,82.59,1,1,0,0
257,738,45.61,1,1,1,1
258,509,75.21,1,1,1,0
207,366,59.87,0,1,1,0
67,321,26.21,1,0,1,1
209,936,16.52,1,0,1,0
384,472,68.46,0,1,1,0
444,51,68.38,1,0,1,1
732,336,14.53,1,0,1,1
691,708,65.53,0,0,1,0
222,658,78.31,0,0,1,0
114,370,43.12,0,1,1,1
774,884,44.94,0,0,0,0
853,167,14.41,0,1,0,1
57,714,76.92,1,0,0,1
549,49,34.58,0,0,1,1
560,271,90.68,0,0,1,0
603,681,89.04,0,0,0,1
56,940,96.61,0,0,0,1
92,557,51.55,1,0,1,1
950,374,8.21,1,1,1,0
494,820,73.6,0,1,1,1
367,33,4.75,1,0,0,0
843,168,35.29,0,0,0,0
778,247,1.65,1,0,0,1
865,616,89.46,0,1,0,0
742,801,4.86,1,0,0,1
78,302,1.13,1,0,1,0
663,379,74.77,0,0,0,1
488,893,52.54,1,0,1,0
983,32,86.53,1,0,1,1
627,445,48.07,1,1,0,1
612,701,90.32,1,0,1,1
585,913,13.03,1,0,0,1
969,275,89.3,0,1,1,0
22,192,80.53,1,0,0,1
464,357,40.84,1,1,1,0
510,468,85.72,0,0,1,1
891,248,9.79,0,1,1,0
34,464,83.31,0,0,1,1
192,366,62.26,0,0,0,1
128,927,73.99,0,0,1,1
204,868,93.64,1,1,0,0
473,73,16.33,1,0,0,0
102,567,28.5,0,1,1,0
826,753,65.98,1,1,0,1
998,341,93.78,1,1,0,1
588,562,88.84,1,0,0,1
895,219,61.86,1,1,1,0
671,210,43.62,1,1,1,1
34,50,74.2,1,1,0,0
279,993,42.25,1,0,0,1
779,761,98.11,1,0,1,1
854,24,96.72,0,0,1,0
740,47,57.63,0,1,0,1
565,276,81.75,0,0,0,0
645,998,60.38,1,0,0,0
237,920,85.47,0,0,1,1
854,979,7.5,1,0,1,1
373,578,9.6,0,0,1,1
802,787,96.1,0,0,1,1
743,870,33.83,0,1,0,0
962,736,83.03,1,0,0,0
287,637,66.99,1,0,1,0
961,630,34.28,1,1,0,0
869,171,12.67,0,0,0,0
398,793,29.07,0,1,1,0
861,747,60.96,0,0,0,0
246,187,48.73,0,1,0,0
13,161,80.53,1,1,0,1
143,222,58.78,0,1,0,1
782,172,62.68,1,0,0,1
697,103,91.78,0,1,1,0
407,17,74.0,1,0,0,1
798,736,44.6,0,1,1,1
302,438,76.94,0,1,0,0
640,747,42.52,0,0,1,0
45,844,87.83,0,1,1,1
206,372,19.23,0,0,1,0
460,198,56.63,0,0,0,0
542,798,51.1,0,1,0,0
638,315,91.75,0,1,1,0
865,826,5.1,0,0,1,1
66,64,2.35,1,0,0,0
815,662,79.78,1,0,0,0
614,916,61.42,1,1,0,0
687,807,11.09,0,1,0,1
188,320,55.71,1,0,0,1
451,287,88.69,0,0,0,0
82,844,65.54,1,1,1,0
511,13,46.03,0,1,0,1
896,180,39.79,1,1,0,0
356,732,72.64,0,0,1,1
774,591,52.69,1,1,0,0
519,677,57.68,0,1,1,0
849,299,87.08,1,0,0,0
483,339,73.3,0,0,0,1
94,424,93.67,1,1,1,0
928,499,49.7,0,0,1,1
608,131,70.15,1,1,1,0
178,270,70.59,1,1,0,0
285,554,4.95,1,1,0,0
559,921,34.39,0,0,1,1
399,793,31.97,0,0,1,1
327,115,58.25,0,0,0,0
861,204,75.42,1,0,1,0
269,923,18.99,1,0,1,0
362,731,71.69,1,1,1,1
517,620,36.55,0,1,1,1
854,930,8.31,1,1,0,0
942,454,79.67,0,1,1,0
538,673,94.44,0,1,0,1
248,442,85.84,1,0,1,1
527,128,33.95,1,0,0,1
472,374,24.87,1,1,0,1
838,95,41.46,0,1,0,0
232,185,20.79,0,1,1,0
308,598,30.26,0,0,1,0
607,62,39.28,1,1,1,0
995,926,35.34,0,1,1,0
214,29,26.73,1,0,0,1
955,265,74.52,0,0,0,1
1,587,18.93,0,0,0,1
798,930,8.1,1,0,1,0
530,10,46.66,0,1,0,1
789,641,23.0,0,1,0,1
632,754,55.68,0,1,0,1
494,560,58.58,1,0,0,1
512,888,77.15,1,0,0,0
706,816,7.56,1,0,1,0
616,376,39.14,1,1,1,0
187,584,34.67,0,0,0,1
738,513,72.12,1,0,1,1
745,196,55.7,0,1,1,0
136,12,19.95,0,0,0,0
699,566,44.75,1,0,1,1
577,208,97.67,1,1,0,1
1,968,49.28,1,0,1,1
361,127,43.55,1,0,1,1
795,134,93.34,1,0,1,0
334,479,50.96,1,1,1,0
929,973,16.27,1,0,1,1
935,541,30.05,0,0,1,0
290,468,78.69,0,1,1,0
433,332,79.34,0,1,0,1
845,216,93.27,0,1,0,0
246,289,17.63,0,1,1,0
508,735,33.74,0,1,0,1
616,667,63.22,1,1,1,1
976,755,75.12,0,1,0,1
675,313,12.85,0,1,1,1
737,177,43.64,1,1,0,1
919,82,48.47,1,0,1,0
221,731,61.65,1,1,0,0
513,630,70.86,0,0,1,0
748,859,42.27,0,0,0,0
902,766,88.42,1,1,1,0
465,458,8.14,1,0,1,0
187,188,93.53,1,1,0,0
639,904,49.74,0,0,1,0
598,958,45.93,1,1,0,1
371,137,6.34,1,1,1,1
45,433,24.29,1,0,1,1
529,651,45.65,0,0,1,0
957,94,23.75,1,1,0,0
27,177,9.17,1,1,0,0
914,698,47.86,0,0,1,0
164,52,10.7,0,0,1,1
29,442,49.07,1,0,0,1
462,478,91.01,0,0,0,1
627,944,23.01,0,1,0,0
422,575,43.84,1,1,1,1
911,357,53.18,0,1,0,0
78,154,4.55,1,1,1,0
435,227,56.77,1,0,0,1
425,438,65.66,1,1,0,1
607,340,46.0,0,0,0,0
860,355,68.58,1,1,0,0
238,577,17.25,1,0,0,1
460,902,21.59,0,0,0,0
253,645,96.51,0,1,0,1
595,510,28.4,0,1,1,0
773,176,21.52,1,1,0,1
798,248,15.94,0,1,0,0
119,979,86.26,0,0,0,0
406,485,78.19,1,0,0,0
448,148,70.77,1,1,0,0
243,925,10.56,0,1,0,1
849,562,96.21,0,1,1,1
788,756,39.78,1,1,1,1
72,395,32.25,1,0,0,0
198,41,37.57,1,1,1,0
909,867,45.32,1,0,1,1
652,974,95.84,1,0,0,1
663,515,49.85,1,0,1,1
189,421,88.77,0,1,1,0
861,376,48.91,1,1,1,1
499,558,82.9,0,1,1,1
549,223,56.5,0,0,0,0
593,922,4.78,0,1,1,1
215,318,25.45,1,1,0,1
455,952,26.05,0,0,1,0
199,215,83.91,0,1,0,0
300,67,1.07,0,0,1,1
134,967,37.59,1,1,0,0
439,784,54.39,0,0,1,0
951,859,14.49,0,0,0,1
831,75,62.0,1,1,1,1
781,568,89.32,1,0,0,1
456,341,80.45,1,0,0,1
167,111,34.4,0,1,0,0
446,862,33.69,1,0,0,0
492,866,21.08,1,1,1,0
971,28,28.41,0,0,0,0
85,717,56.41,1,0,1,0
689,771,22.26,1,1,1,1
641,743,6.78,0,0,0,0
137,469,7.04,0,0,0,1
183,896,26.97,1,1,1,1
446,751,52.58,1,0,1,1
642,697,46.19,1,1,0,1
973,300,91.3,0,1,0,0
307,973,93.28,0,0,0,0
411,524,7.69,0,0,0,1
445,615,80.33,0,1,0,1
870,809,19.51,0,0,0,0
526,388,24.38,0,0,1,1
6,225,29.43,0,0,1,0
497,137,96.87,0,0,1,1
504,82,3.42,0,0,0,0
304,901,58.89,1,1,0,1
848,543,29.03,1,0,1,0
189,549,96.03,0,1,1,0
343,701,45.72,1,0,1,0
474,55,19.04,1,1,0,0
771,844,35.09,1,0,1,0
145,107,9.74,1,0,1,0
562,676,73.22,0,1,0,1
663,277,64.92,0,0,0,0
384,791,94.15,1,0,0,1
616,900,18.97,1,0,1,0
984,723,31.95,1,1,1,0
133,818,32.6,1,0,0,1
551,780,59.35,1,1,1,0
45,333,40.65,0,0,0,0
509,948,83.47,1,1,0,1
279,428,84.7,0,0,0,0
414,51,29.36,1,0,1,0
574,339,21.23,0,0,0,1
717,277,78.45,0,0,1,0
985,599,8.21,1,1,0,1
348,496,22.42,0,1,0,1
797,703,41.86,0,1,0,0
582,640,72.75,0,1,0,1
79,57,80.49,0,0,1,1
677,886,47.51,0,1,1,0
517,20,92.91,1,1,0,1
316,248,34.26,1,0,1,0
514,688,79.72,1,1,0,0
763,485,81.34,1,0,1,0
25,260,98.47,1,0,0,0
309,687,81.49,0,0,1,0
224,282,94.92,1,1,0,0
823,578,87.77,0,1,1,1
446,78,84.85,1,1,1,0
11,13,85.48,0,1,0,1
234,445,88.53,0,1,1,0
551,288,30.84,1,1,0,1
565,514,97.59,1,1,0,0
380,783,8.63,0,0,0,1
718,783,78.27,0,0,1,0
105,771,55.39,1,1,1,0
984,34,37.1,0,0,0,1
355,717,97.0,1,1,1,0
744,265,88.95,1,0,0,1
852,44,67.92,0,1,1,1
642,949,45.18,1,1,1,0
673,190,77.88,1,0,0,1
990,899,40.85,1,0,1,0
119,740,12.33,1,0,1,0
316,45,57.6,1,0,0,0
741,52,84.48,1,0,1,0
345,666,72.85,0,1,1,0
978,311,7.91,1,0,0,0
342,749,68.4,1,0,1,1
161,502,29.82,1,0,1,1
941,206,18.97,1,1,1,0
664,429,12.8,0,0,1,1
386,450,92.33,0,0,1,1
369,154,65.76,1,1,0,1
934,544,84.39,0,0,1,1
237,844,53.92,0,1,0,0
783,503,28.43,0,0,0,0
432,693,67.56,0,0,0,1
931,783,31.82,1,1,1,1
657,938,98.91,1,0,1,1
837,328,70.35,0,0,1,0
857,977,42.62,0,0,0,1
986,620,47.74,1,0,1,1
209,578,38.02,0,0,1,0
158,512,75.03,1,0,0,1
923,95,58.9,1,1,1,0
354,501,30.64,0,0,0,1
208,87,40.31,1,1,1,0
175,76,16.96,0,0,1,0
436,659,70.17,0,1,1,1
627,668,5.04,1,0,1,0
448,290,71.85,1,0,0,1
223,46,89.23,1,0,0,1
45,649,75.62,1,0,1,0
21,767,31.6,1,1,1,0
349,493,66.86,1,0,0,1
264,623,4.7,0,0,0,1
865,594,53.47,1,0,0,0
467,676,83.61,0,0,0,0
624,307,17.59,1,0,1,0
652,443,62.78,1,0,0,1
573,712,12.63,0,0,0,0
436,805,24.31,1,1,0,0
905,595,62.79,0,0,1,1
422,562,27.12,1,1,0,1
573,906,65.88,0,0,1,0
783,336,98.34,0,1,1,1
89,108,23.88,0,1,1,1
670,635,7.24,1,1,0,0
203,882,48.38,0,1,1,1
355,303,7.4,0,0,1,1
76,553,76.59,0,1,0,0
348,993,8.91,0,0,0,0
919,781,70.91,1,1,1,1
185,618,11.1,0,1,1,1
656,802,79.17,0,1,1,0
788,172,58.24,0,0,1,0
201,342,10.85,1,0,1,0
671,249,52.99,1,1,0,0
987,414,53.0,1,1,1,0
810,90,75.39,0,0,0,1
633,399,74.38,0,0,1,1
546,786,9.69,0,1,0,0
268,722,47.06,1,0,1,0
590,801,57.45,0,1,1,0
247,232,55.06,1,0,1,0
318,492,81.79,1,0,1,1
631,503,67.3,0,1,0,1
950,222,39.22,1,1,0,1
777,710,94.79,0,1,1,1
881,337,26.08,1,0,0,1
570,460,98.85,0,1,1,1
536,631,80.42,0,1,1,1
284,967,60.24,0,0,1,1
996,572,89.53,1,1,0,0
706,438,77.76,0,1,0,0
354,427,83.77,1,0,1,0
150,635,57.96,1,0,0,1
201,190,80.83,1,1,0,0
57,336,40.91,0,1,1,1
934,319,40.03,1,0,1,0
860,210,19.79,1,1,1,1
800,957,55.22,1,0,1,1
668,612,29.17,0,1,0,1
923,833,89.36,1,0,0,1
201,698,82.15,1,0,1,1
401,72,76.08,0,1,1,0
640,194,81.01,1,0,1,1
816,977,78.92,0,1,1,1
223,224,83.97,0,0,0,1
613,941,76.4,1,0,1,0
394,901,95.42,0,1,1,0
11,429,39.58,1,0,1,1
539,617,82.42,0,1,1,1
647,735,87.89,1,0,0,1
857,146,13.33,0,1,0,1
704,225,84.98,1,0,1,1
80,133,29.71,1,0,1,0
696,347,4.6,0,1,0,1
576,881,8.99,0,0,1,0
685,154,46.29,0,1,1,1
771,248,14.33,0,1,0,0
501,222,79.71,0,1,0,0
450,270,70.4,0,1,0,1
232,946,78.82,1,1,0,1
711,729,64.03,0,1,0,1
311,94,57.1,0,0,0,1
683,175,64.12,0,0,0,1
45,478,45.85,0,1,1,1
191,134,89.79,1,1,0,0
55,665,61.13,0,0,0,0
339,848,53.49,1,1,1,0
755,77,19.72,0,0,0,0
927,670,62.8,0,1,0,0
489,660,9.41,0,1,1,1
757,366,58.36,1,0,1,1
797,963,20.27,0,1,1,0
87,100,73.76,1,0,1,1
320,974,39.95,1,1,1,1
403,492,69.5,0,1,1,0
149,288,9.6,0,0,1,0
168,104,38.13,1,0,1,1
593,772,83.76,0,1,1,0
174,755,32.5,0,0,0,0
509,278,40.15,1,1,1,1
433,684,93.38,1,1,0,1
227,839,74.82,0,0,1,0
426,980,2.35,0,0,1,0
492,501,37.52,0,1,1,1
418,670,11.1,0,0,1,1
241,237,96.08,0,0,1,0
483,508,81.96,1,0,0,1
816,321,74.44,0,0,1,1
996,983,81.77,0,0,0,0
611,540,55.98,0,1,0,1
818,578,28.48,0,1,0,1
658,561,48.69,0,0,1,0
756,424,11.49,1,0,0,0
700,40,66.29,1,0,0,0
654,321,98.73,1,0,0,0
930,33,3.62,1,1,0,1
352,916,56.36,1,1,0,1
672,463,18.56,0,1,0,0
129,958,45.28,1,1,0,0
701,163,12.94,0,1,1,1
213,26,9.57,1,0,0,1
832,613,93.18,0,0,0,0
200,631,54.21,1,1,1,0
596,654,85.16,1,1,0,0
422,234,66.44,0,1,1,0
123,507,96.33,0,1,1,1
535,758,4.94,0,0,0,0
834,791,20.51,0,0,0,0
556,857,24.56,1,0,0,1
689,198,54.62,0,1,1,1
551,320,31.33,1,0,0,1
192,317,6.49,0,1,0,0
218,609,56.4,0,0,1,1
254,391,90.06,1,1,0,1
915,532,34.04,1,0,0,1
204,171,45.88,0,0,1,1
909,449,33.2,0,1,1,1
77,249,80.87,0,1,1,1
715,785,12.7,0,0,0,0
697,495,65.18,0,1,0,1
174,849,25.56,0,0,1,1
803,891,70.35,0,1,1,0
280,658,68.02,1,0,1,0
835,206,11.53,0,1,0,1
323,485,6.0,0,1,1,0
823,834,6.6,1,1,1,1
90,1,43.34,0,0,0,0
868,299,3.96,1,0,1,0
872,589,7.2,1,0,0,1
235,658,67.29,0,1,0,0
616,360,43.86,1,1,1,1
823,909,33.2,1,0,1,1
447,953,60.87,0,1,0,1
936,197,75.47,1,0,1,0
252,507,72.2,1,1,0,0
728,300,54.45,0,1,1,0
643,828,79.18,1,1,0,1
87,560,50.09,1,1,1,1
228,543,54.56,1,1,0,1
592,927,94.5,1,0,1,0
991,470,25.16,0,0,1,1
132,493,91.1,0,0,1,0
721,243,40.98,1,0,0,1
842,157,21.17,0,1,0,0
223,532,33.89,0,1,0,1
169,991,78.66,0,0,1,0
432,775,38.8,0,1,0,0
736,677,65.48,1,1,1,0
552,253,11.94,0,0,0,1
912,574,67.83,0,1,0,1
947,577,59.34,0,1,1,0
477,300,45.05,1,0,0,1
739,870,57.36,1,0,1,1
992,893,1.26,0,1,0,0
18,744,36.37,1,0,0,1
483,205,62.82,0,0,0,1
755,354,28.23,1,1,1,0
961,891,35.46,0,0,1,0
781,154,52.2,0,1,0,1
768,504,40.66,1,0,1,1
463,401,13.76,1,1,0,0
791,136,80.17,1,1,0,0
737,675,20.57,1,1,0,1
900,329,25.55,1,0,0,0
141,978,57.7,0,1,0,0
726,673,83.5,0,0,0,0
376,690,85.78,0,0,1,1
798,982,23.62,0,0,0,1
185,365,1.2,0,1,1,1
309,967,91.03,0,1,1,1
170,391,57.14,1,1,0,1
97,914,80.06,0,0,1,0
412,864,41.36,1,1,0,0
703,854,60.06,0,1,0,1
247,345,54.92,1,0,0,1
922,399,50.47,0,0,1,0
400,147,26.46,0,1,1,0
260,171,33.59,1,1,0,1
431,511,76.77,1,1,0,0
155,786,42.65,0,1,0,0
362,51,34.76,1,0,0,1
935,676,91.91,1,1,0,1
792,868,44.99,0,0,0,0
76,798,31.61,0,1,1,1
633,730,78.3,1,1,0,0
49,396,99.43,1,1,0,0
954,180,36.74,0,0,1,1
593,327,44.39,1,0,1,0
412,231,3.53,1,1,0,1
170,521,84.08,1,0,0,1
528,843,48.33,0,0,1,0
729,615,6.12,0,1,1,1
268,545,2.28,0,1,1,0
908,281,19.79,1,1,0,1
25,396,48.8,0,1,1,0
640,156,17.44,1,1,0,1
819,49,80.5,1,1,1,1
60,182,85.72,0,0,1,0
259,953,73.0,1,1,0,1
770,680,72.54,1,1,0,0
324,210,52.42,1,1,1,1
934,242,49.19,0,0,0,0
83,875,45.17,0,1,0,0
648,843,32.05,0,1,1,0
148,520,56.42,0,0,1,1
45,260,59.68,0,0,1,1
656,982,78.09,1,1,0,1
908,632,23.09,0,0,1,0
973,293,30.8,1,0,1,0
447,522,72.93,0,1,1,0
133,877,96.73,1,0,1,0
371,643,14.13,0,1,1,1
615,829,18.27,1,1,0,1
770,508,40.92,1,0,0,0
993,581,35.13,0,0,1,0
382,32,3.33,0,0,0,1
631,763,30.54,0,0,1,1
277,631,27.25,1,1,1,0
765,424,93.14,1,1,0,0
764,174,90.75,1,1,0,1
172,909,69.15,1,1,0,0
144,149,9.17,1,0,1,0
447,461,64.56,1,1,0,1
257,664,37.34,1,0,1,0
763,442,17.38,0,1,1,0
933,275,81.21,0,0,0,1
804,634,18.21,1,0,0,1
399,928,27.87,0,1,0,0
543,804,17.39,1,0,0,0
638,737,21.9,0,0,1,1
289,275,70.83,1,1,0,0
431,758,81.2,1,0,1,0
21,138,18.26,1,1,1,1
144,127,82.79,0,0,1,0
568,773,11.15,1,0,0,0
760,611,25.23,0,0,1,1
155,26,92.68,0,1,1,0
898,258,98.84,0,0,0,1
854,895,15.48,1,0,0,0
151,556,76.57,0,0,1,1
561,812,43.4,1,1,0,0
150,407,30.66,1,1,1,0
306,698,19.86,0,0,0,1
990,152,88.33,1,0,0,1
19,312,18.43,0,1,1,0
601,73,96.1,1,1,1,1
258,255,75.77,0,0,0,0
915,917,41.07,1,1,1,0
806,732,84.87,1,1,1,1
755,743,5.17,1,0,0,1
983,233,18.31,1,0,1,1
162,559,47.04,0,0,0,1
794,988,84.88,0,1,0,0
178,129,71.51,0,1,0,0
865,104,97.19,1,1,1,0
995,920,49.54,0,1,0,1
739,47,31.22,1,0,1,0
826,117,87.69,0,0,0,1
684,612,25.75,1,1,0,0
407,655,87.96,0,0,1,0
453,691,25.81,1,0,1,0
675,585,84.9,1,0,1,0
637,573,49.75,0,1,1,1
754,85,46.52,0,0,1,0
619,942,29.64,0,1,1,0
473,55,52.6,0,1,0,1
460,598,44.67,1,0,1,0
129,520,99.84,1,1,0,0
718,150,15.47,1,0,0,0
447,521,70.11,0,1,0,1
984,978,41.63,1,0,1,1
873,387,72.18,0,0,1,0
520,605,57.36,0,0,0,1
337,836,69.65,0,0,0,0
177,205,63.9,0,1,0,1
442,810,68.53,0,0,1,0
870,236,74.77,0,1,1,1
251,37,55.46,0,1,1,1
400,475,41.06,0,1,1,1
141,359,78.13,0,0,1,1
623,719,95.8,0,0,1,1
533,856,3.39,1,0,1,0
906,661,5.13,1,1,1,0
740,694,24.77,1,1,1,0
134,550,69.87,1,0,0,1
700,59,79.26,0,1,1,1
278,709,93.95,1,0,0,1
809,162,8.45,0,0,1,1
634,374,35.58,0,1,1,1
160,856,74.6,0,1,0,0
655,641,14.66,1,0,1,0
7,895,36.1,0,0,1,1
187,330,42.07,0,1,0,0
585,837,4.24,0,0,0,1
781,425,19.74,0,1,0,1
94,310,32.76,0,1,1,1
45,23,52.6,0,0,0,1
621,983,76.65,0,0,1,1
252,26,88.45,0,1,0,0
944,840,71.48,0,1,1,0
936,950,45.24,1,0,0,1
358,714,65.93,0,0,0,1
888,172,91.1,1,0,1,0
755,916,96.01,0,1,0,1
692,225,74.67,0,1,0,1
78,464,1.02,1,0,0,1
531,302,30.26,1,0,0,1
830,225,30.2,0,0,0,1
472,662,46.32,0,1,1,1
341,697,91.22,1,1,0,0
938,869,91.17,0,1,1,0
598,415,94.64,0,1,0,1
371,620,27.68,0,1,0,0
603,427,58.32,0,0,0,0
625,158,43.33,0,1,0,1
260,343,43.95,1,1,1,0
952,831,54.22,0,1,1,0
959,802,28.39,1,0,0,0
665,298,38.54,0,1,0,1
292,278,69.34,0,1,0,0
636,957,51.26,1,0,1,0
258,58,61.15,1,0,1,0
300,438,62.86,0,0,1,1
734,972,94.9,0,1,0,0
723,273,46.06,1,1,0,1
191,17,49.11,0,1,1,1
887,229,33.32,1,1,1,1
158,415,39.89,1,1,0,0
32,363,6.54,0,0,0,1
673,791,34.88,1,1,1,1
982,326,80.79,0,0,0,1
203,285,42.36,0,0,0,1
85,428,85.82,0,1,1,1
232,214,44.49,1,1,0,0
746,937,2.55,1,1,1,0
201,139,83.96,1,1,0,1
317,295,54.21,0,1,0,0
711,596,9.15,1,1,1,0
414,817,32.64,1,1,1,0
324,464,60.43,1,1,1,0
635,920,3.22,1,0,0,0
72,683,32.65,1,0,1,0
442,469,78.27,0,1,0,0
231,581,98.51,1,1,0,1
808,109,51.97,0,1,1,0
640,372,37.01,0,1,1,1
686,834,90.26,1,1,0,1
505,732,26.81,0,0,0,1
217,362,84.69,0,0,1,0
666,731,60.31,0,1,0,0
43,371,40.25,1,1,0,0
979,949,35.44,1,0,0,0
69,688,63.99,0,0,0,0
22,979,98.76,1,1,0,0
839,447,11.2,0,1,1,1
110,959,76.61,1,1,0,1
617,916,75.28,1,0,1,0
120,582,26.72,0,0,0,0
353,687,21.97,0,0,1,1
49,0,74.55,0,1,0,1
81,642,3.83,1,1,1,1
282,577,21.6,1,1,0,0
169,767,3.68,0,0,0,1
513,986,1.12,1,1,1,0
250,505,41.25,0,1,1,1
649,946,29.93,0,1,0,0
174,560,19.94,1,0,1,0
686,70,94.71,1,0,1,0
545,169,14.8,0,0,0,0
933,462,55.15,0,1,0,0
443,701,49.12,1,1,1,0
444,237,29.76,1,0,0,0
423,439,75.48,0,1,0,0
137,959,77.37,1,1,1,1
96,634,80.1,0,1,0,1
923,929,84.47,1,1,0,1
141,110,57.14,0,0,0,0
441,44,2.82,0,1,1,1
984,733,94.62,0,1,1,1
493,273,46.24,0,0,0,1
710,71,7.58,1,1,0,0
197,636,69.44,0,0,0,1
135,833,94.87,1,1,1,0
58,832,65.98,0,1,0,0
946,834,33.63,0,0,1,1
62,847,88.88,1,0,0,0
234,841,1.72,0,0,1,0
722,984,75.59,1,1,1,1
258,301,71.48,0,0,0,0
598,623,1.23,0,0,0,0
42,490,21.58,0,0,1,1
191,333,31.07,1,1,1,1
700,98,70.59,0,0,1,1
888,243,73.02,1,1,1,0
918,565,65.32,1,0,0,0
666,735,85.64,0,0,1,1
399,118,53.81,0,1,1,0
107,557,60.86,1,1,1,1
371,690,42.63,0,1,0,0
212,600,76.88,1,1,1,1
135,56,45.94,0,0,0,1
71,623,33.44,0,1,0,1
24,366,88.63,1,0,0,0
261,908,32.95,1,0,0,1
40,780,47.17,0,1,0,0
651,896,76.79,1,1,1,1
783,471,94.9,0,0,0,0
963,17,25.32,1,0,0,1
242,291,8.51,0,1,1,1
792,336,49.25,0,0,1,1
106,962,64.8,0,0,0,0
745,536,3.03,0,0,1,1
384,594,26.49,0,1,1,1
494,126,83.23,0,0,1,0
572,753,35.71,1,0,1,0
115,594,71.22,1,0,1,0
965,593,82.4,0,1,0,1
337,803,15.25,1,1,0,0
945,287,54.99,1,0,0,1
865,263,47.2,1,0,0,1
993,45,32.93,1,1,0,1
122,585,24.49,1,1,1,0
905,0,8.92,0,1,1,1
332,930,7.48,0,1,0,0
534,1,90.74,0,1,0,0
912,290,11.71,0,1,1,1
357,19,32.7,1,0,1,1
279,120,75.68,1,0,0,1
325,342,13.04,1,1,0,1
797,86,11.78,1,1,0,1
46,800,49.97,1,0,0,1
838,509,48.68,0,1,1,1
987,159,21.06,1,0,1,1
50,369,6.14,0,1,1,1
531,68,49.73,1,0,0,1
650,765,39.96,1,1,1,1
528,214,34.74,0,0,1,0
378,101,55.07,0,1,1,0
498,975,62.54,0,0,1,1
184,777,7.02,0,0,0,1
959,523,85.99,0,0,0,0
446,460,40.79,0,0,0,0
512,212,26.49,0,1,0,1
80,793,52.23,0,1,1,1
701,493,73.0,1,1,0,1
687,840,74.46,1,0,1,0
637,881,52.51,1,0,1,1
813,883,84.59,0,0,0,0
343,367,50.83,0,0,1,1
792,996,99.92,0,0,0,0
973,935,77.01,0,0,0,1
129,51,78.6,1,1,0,0
134,154,70.4,1,1,0,0
36,913,2.91,0,1,1,1
484,352,9.36,0,0,0,1
18,757,43.45,0,0,1,1
833,57,44.44,0,0,1,1
582,805,6.37,0,0,1,1
407,92,91.73,0,1,0,0
420,160,97.17,0,0,1,1
834,963,68.86,0,0,1,0
121,557,41.67,0,0,0,0
998,930,22.78,0,1,0,0
830,309,22.22,1,0,0,0
52,888,54.57,1,0,1,1
506,580,71.34,1,0,1,0
885,160,93.43,0,1,0,1
867,51,62.05,1,0,0,1
596,387,34.76,0,0,1,1
876,225,69.47,1,0,0,1
121,525,53.72,0,1,1,0
129,641,60.98,1,0,0,1
860,762,68.1,1,1,1,0
518,750,68.11,0,1,1,0
303,394,76.89,1,0,1,0
747,509,54.27,1,1,1,0
161,105,51.64,0,0,1,0
519,407,65.24,0,1,1,0
288,727,37.53,1,0,0,0
80,643,79.75,1,0,0,0
125,395,11.93,0,0,0,0
644,754,28.01,1,1,1,1
525,725,7.18,1,1,1,1
828,579,41.89,0,1,0,1
789,999,40.92,1,0,1,0
624,368,28.64,1,1,0,0
4,54,57.93,0,0,1,0
789,341,85.12,1,0,0,0
145,528,27.46,0,0,1,1
397,412,54.94,1,1,0,1
737,475,61.21,1,1,1,0
466,753,45.55,0,0,0,0
956,822,84.07,1,1,0,1
525,26,24.82,1,0,1,0
921,750,6.12,1,1,1,0
274,647,95.86,0,0,0,0
543,183,46.61,1,1,0,1
728,436,45.59,1,1,0,0
231,461,82.19,1,1,1,0
367,680,74.42,0,1,0,1
536,598,63.92,0,1,0,0
200,334,44.82,0,0,0,0
324,811,92.1,1,0,0,1
939,907,71.44,0,0,0,0
384,365,38.97,1,0,1,0
82,671,71.82,1,1,0,0
256,17,88.82,1,0,0,1
273,578,84.92,0,0,1,1
694,615,63.44,0,0,1,1
695,996,52.19,1,0,1,0
612,51,30.39,1,0,1,0
458,727,87.33,0,1,1,0
548,521,25.01,1,0,0,0
989,375,13.87,1,0,0,1
264,995,47.59,0,0,1,0
232,228,84.97,1,1,0,0
186,191,5.31,1,1,0,0
797,565,27.49,1,1,1,0
721,206,19.33,0,0,0,0
243,931,40.3,1,1,1,0
175,72,17.71,0,0,0,1
22,274,62.96,1,0,0,0
545,522,32.71,1,1,1,0
267,394,46.93,1,0,0,0
256,568,57.39,1,0,0,1
600,523,38.39,0,1,0,1
975,897,98.68,0,0,1,0
791,904,85.21,1,1,1,0
262,704,94.48,0,0,0,1
271,709,86.55,0,1,0,0
35,266,62.61,0,0,0,0
663,134,34.68,0,0,1,0
288,371,94.36,0,1,0,0
287,747,86.04,1,0,0,1
986,673,24.77,0,1,1,1
963,801,2.31,1,1,1,1
780,11,17.16,0,0,1,1
656,984,52.55,1,1,0,1
649,35,7.51,0,0,0,1
875,921,72.78,0,0,0,0
111,844,53.79,1,0,0,1
94,351,81.31,1,1,0,0
894,926,40.82,0,1,0,1
359,197,39.37,1,0,1,1
530,480,47.92,1,1,0,0
89,166,68.47,1,0,1,1
656,844,86.84,1,0,0,1
213,418,9.25,0,0,1,1
456,442,84.82,0,1,1,0
421,552,67.2,0,1,0,0
352,304,13.82,0,1,1,1
953,318,58.41,1,1,0,0
587,132,85.36,0,0,0,1
360,649,10.4,1,1,1,0
94,567,54.21,0,0,0,1
591,366,75.62,1,1,0,0
383,440,32.82,0,0,0,0
950,582,20.87,0,0,0,1
839,800,33.9,0,0,0,0
249,75,76.49,0,1,0,0
475,811,71.64,0,0,1,1
673,898,16.51,1,0,0,1
651,772,10.79,1,0,1,1
979,992,1.97,1,1,1,1
34,362,30.66,1,0,1,1
375,882,35.2,1,0,1,0
280,317,30.09,0,0,1,1
235,907,54.72,0,1,1,0
178,51,24.73,1,0,0,1
612,61,64.02,1,1,0,0
724,888,66.44,1,0,0,0
742,556,38.08,1,1,1,0
233,302,27.71,0,0,1,1
47,469,55.72,0,1,0,0
465,529,50.2,1,0,1,1
560,622,74.78,0,1,1,1
682,994,85.4,1,1,0,1
329,74,56.97,1,0,1,0
386,446,44.36,0,0,0,0
158,376,60.02,0,1,0,1
375,606,11.93,1,0,0,1
483,926,62.48,0,0,1,1
448,559,10.09,0,0,1,0
896,177,48.51,0,1,1,0
824,505,28.62,0,0,1,1
473,773,61.15,0,1,0,0
373,492,44.7,1,1,1,0
646,800,97.12,1,1,1,0
502,964,30.47,0,1,1,0
651,559,92.79,1,0,0,1
420,939,53.02,0,1,1,1
58,153,97.79,0,0,1,1
15,486,40.99,1,1,1,1
346,733,61.48,1,0,0,1
424,27,41.44,0,0,1,1
150,816,51.44,1,0,1,0
728,75,58.55,0,0,0,0
934,945,63.05,1,0,0,1
325,448,51.94,1,0,0,0
169,723,54.18,0,0,1,0
511,758,50.94,0,0,0,0
344,902,40.17,0,0,1,0
86,640,24.86,0,0,1,1
108,848,76.05,1,1,0,1
698,231,84.91,0,0,0,0
790,607,74.75,0,0,1,1
975,778,14.41,0,1,0,0
574,266,47.02,1,0,0,1
383,321,56.94,0,1,1,1
524,909,61.06,1,1,0,0
916,232,55.54,1,0,0,0
754,77,80.05,1,1,0,1
448,512,89.32,0,1,0,1
905,735,9.29,1,1,0,1
969,66,59.77,1,0,0,0
82,58,33.64,1,1,0,0
572,296,41.57,1,0,1,1
514,224,42.11,0,1,1,1
604,562,28.24,1,0,0,1
833,804,73.29,1,0,0,1
505,187,47.89,0,1,1,1
203,504,82.53,1,0,0,1
257,88,33.06,1,1,1,0
670,693,37.75,0,0,0,0
213,257,48.95,0,0,0,0
307,542,36.34,1,1,1,1
339,661,13.9,1,1,1,1
455,818,68.84,0,1,0,0
248,611,92.59,0,0,1,0
327,254,35.1,0,1,1,0
265,201,75.15,0,0,0,0
314,803,47.79,0,0,1,1
219,369,31.75,0,0,1,1
381,302,88.05,0,0,0,1
138,355,60.61,1,1,0,0
779,429,29.68,1,0,0,0
750,208,17.22,0,1,1,1
344,705,45.86,0,0,1,1
277,871,14.19,0,1,0,0
428,897,69.47,1,1,1,0
718,592,96.99,0,1,0,0
959,445,91.08,1,1,0,0
597,830,85.07,1,1,1,0
94,216,26.03,0,1,0,0
880,892,43.22,0,1,1,0
946,850,82.55,1,1,1,1
128,885,52.61,0,0,0,0
450,661,13.63,0,1,1,0
71,508,25.27,0,1,1,1
885,295,15.75,1,1,1,1
654,93,97.52,1,0,1,0
408,206,49.49,0,0,1,0
753,740,78.97,1,0,0,0
190,960,12.79,1,1,0,0
775,204,39.96,1,0,0,0
863,482,16.62,1,0,1,0
241,753,11.07,0,0,0,1
867,406,59.35,0,0,1,1
955,544,8.95,1,0,0,0
712,750,26.66,1,1,1,0
886,840,46.29,0,1,1,1
391,846,20.43,1,0,1,1
188,64,27.06,0,1,0,0
687,456,65.5,0,1,1,0
333,856,30.13,1,0,1,1
413,467,57.78,1,0,0,0
981,201,43.5,0,0,1,1
682,12,49.13,0,0,1,0
382,416,34.81,0,0,1,0
711,447,11.75,1,1,1,1
456,386,8.51,0,0,1,1
5,781,99.78,1,1,0,0
105,486,77.54,0,1,1,1
818,607,9.18,0,1,1,0
433,475,32.84,0,0,1,0
624,256,50.91,1,1,1,0
873,725,22.23,1,0,1,1
374,542,24.93,0,0,1,1
559,64,53.11,0,1,1,0
352,827,89.17,1,0,0,1
592,195,17.57,1,1,0,1
830,219,70.42,0,0,1,1
121,489,87.22,0,1,0,1
811,893,98.24,0,0,1,0
385,610,18.5,0,1,0,1
360,586,94.7,0,1,1,0
49,9,10.93,1,1,1,1
945,610,69.92,1,0,1,0
197,368,6.56,1,1,0,0
438,500,9.39,1,1,0,1
422,588,29.72,0,1,1,1
632,84,15.69,1,1,0,0
51,394,10.05,0,1,1,0
563,156,85.83,0,0,0,1
441,865,75.87,0,1,0,1
944,46,82.9,1,1,0,1
43,413,86.26,1,0,1,0
162,538,1.9,0,1,0,0
641,531,9.23,0,1,1,0
957,479,45.61,0,0,1,0
248,685,9.31,1,0,1,1
58,741,54.21,1,1,1,0
455,304,80.18,0,1,0,1
405,361,13.58,1,0,1,1
754,953,85.15,1,0,0,1
344,19,12.75,0,0,1,1
641,629,48.29,0,0,0,1
2,774,61.86,0,0,1,1
271,129,49.34,0,0,0,1
533,150,33.26,0,0,1,1
585,17,71.72,0,0,1,0
861,666,9.8,1,0,0,1
465,600,72.79,0,1,1,1
235,387,11.2,0,1,0,1
827,28,19.27,1,1,0,0
72,389,46.06,0,0,1,1
800,813,37.35,0,1,0,1
821,690,39.64,0,1,0,1
950,572,44.2,1,0,1,1
424,537,32.19,1,0,0,1
237,743,99.79,0,1,0,0
175,139,60.66,1,1,1,0
176,703,49.42,0,1,1,0
603,219,32.48,1,1,1,1
245,565,58.73,1,1,0,0
885,380,27.96,1,1,0,1
345,139,46.08,0,1,1,0
262,328,66.14,0,0,0,1
706,210,91.92,0,1,0,0
645,330,62.49,1,0,1,0
916,617,61.18,0,0,0,0
437,113,22.43,1,1,1,0
638,88,16.92,1,0,0,1
993,806,61.87,0,1,1,0
184,176,18.92,0,0,0,1
689,421,27.86,0,0,0,1
735,334,47.28,0,1,0,1
60,964,64.85,0,0,0,0
598,196,23.5,1,0,0,1
719,985,62.46,1,1,0,1
836,988,5.11,1,0,0,1
809,370,18.12,0,1,0,1
380,390,87.64,1,1,0,0
398,291,16.58,1,1,1,0
653,843,93.37,0,1,0,0
185,512,60.34,1,1,1,1
650,913,78.39,0,1,1,0
465,926,75.71,1,1,0,0
50,166,22.33,0,1,1,1
408,601,35.54,1,0,1,0
463,821,30.61,0,1,0,0
711,723,94.37,1,1,0,1
469,947,77.97,1,0,1,0
259,963,80.16,0,0,1,1
262,85,56.58,1,1,0,0
323,349,20.85,0,0,0,0
978,858,87.3,0,1,0,0
78,31,61.61,1,0,1,1
872,343,79.05,0,0,0,1
484,53,40.75,1,1,0,1
337,400,10.77,1,1,0,1
515,560,45.82,0,1,0,0
38,858,1.37,0,0,1,0
189,970,19.25,0,0,0,0
694,971,34.29,1,0,0,0
509,407,6.31,0,0,0,1
569,353,87.61,0,0,1,1
850,589,34.57,1,1,1,1
688,117,85.94,1,1,1,1
667,611,15.83,1,0,0,0
937,710,8.99,0,0,1,1
861,702,62.63,0,1,1,0
764,590,2.75,1,0,0,0
315,223,56.11,1,1,0,0
793,310,24.38,1,1,1,1
243,555,70.09,1,1,1,0
536,243,64.11,1,0,1,1
399,764,72.94,0,1,1,0
200,632,76.77,1,0,0,1
633,209,5.8,0,0,0,0
362,598,25.92,1,0,0,1
417,202,67.94,0,0,1,1
933,593,35.97,0,0,1,0
127,709,48.57,1,0,1,1
910,518,86.09,1,0,0,0
569,651,83.69,1,1,1,0
363,221,49.53,1,1,1,1
770,610,94.66,0,0,0,0
432,781,73.33,0,0,1,0
460,987,77.35,0,0,1,0
82,11,44.63,1,1,1,1
199,213,91.98,1,0,0,0
440,545,32.17,1,1,1,1
252,907,73.43,0,0,1,0
464,941,1.93,0,0,0,1
617,805,47.0,0,0,1,1
894,355,93.81,0,1,0,0
289,735,62.54,0,1,0,0
242,294,91.26,0,1,1,0
659,603,86.92,0,1,0,0
683,776,67.55,0,1,1,0
736,346,3.09,0,0,1,0
990,628,12.17,0,0,1,1
986,584,3.44,1,1,1,1
312,705,23.41,1,1,0,0
48,405,45.37,0,1,1,0
953,483,81.12,1,0,0,0
871,438,41.18,0,1,0,1
907,866,66.16,1,0,0,1
474,412,20.43,0,1,0,1
128,739,92.33,0,1,0,1
477,898,49.33,1,1,1,0
184,819,89.42,0,0,0,0
148,319,73.57,0,0,1,1
122,670,57.2,1,0,0,1
35,606,39.27,0,1,1,1
723,215,67.49,1,0,0,1
349,558,14.21,1,0,0,0
411,45,4.92,1,0,1,0
496,35,41.83,0,1,0,1
324,501,34.15,0,0,0,0
102,583,34.38,0,1,0,0
513,771,69.71,0,0,1,1
556,525,70.6,1,1,0,0
654,768,14.09,0,1,0,1
979,839,16.99,0,1,1,1
890,845,95.9,0,0,0,1
531,307,88.17,0,1,0,0
395,540,58.46,0,1,0,0
217,465,12.46,0,1,0,0
77,75,26.52,0,0,0,0
233,608,47.0,1,1,0,0
389,480,31.8,1,0,1,1
251,668,42.74,1,0,1,1
531,178,23.89,1,1,0,1
648,693,17.67,0,0,0,0
473,387,58.97,1,1,1,1
943,144,38.07,0,1,0,1
312,294,59.17,0,0,1,1
400,949,48.77,1,0,0,1
51,223,27.14,0,0,0,0
48,442,6.43,0,1,0,1
322,566,68.31,1,0,0,1
207,341,48.42,0,0,1,0
566,28,87.73,0,0,0,1
441,896,65.49,0,0,0,0
938,599,4.59,1,0,1,1
22,633,79.81,1,1,1,1
13,818,85.33,0,0,1,1
55,172,22.78,1,0,1,1
520,317,65.38,0,0,0,1
823,448,7.7,0,0,1,1
177,392,6.08,1,1,0,1
867,549,30.97,0,0,1,1
203,47,99.57,1,0,0,0
913,355,2.26,0,1,0,1
142,455,98.01,0,1,0,1
982,181,19.62,0,0,1,0
113,151,16.14,0,1,0,0
439,757,38.7,1,1,0,0
813,955,68.37,0,0,0,1
13,679,87.03,1,1,0,0
459,109,5.47,1,1,1,0
1,473,89.61,0,1,1,0
362,387,18.56,1,1,0,0
417,438,27.51,1,1,0,1
0,570,88.37,1,1,0,1
177,688,95.26,0,0,1,0
259,936,92.61,1,1,0,0
215,491,52.66,1,1,1,0
518,629,29.8,1,0,0,1
678,825,95.01,1,1,0,1
890,500,10.86,0,1,0,0
402,733,30.01,0,0,1,0
16,140,23.0,1,0,0,1
51,176,7.5,0,0,0,0
77,743,72.14,0,0,1,0
271,413,37.11,1,1,0,0
300,512,73.8,0,0,0,1
640,733,37.79,0,0,0,1
293,80,95.44,0,0,0,0
23,646,55.18,1,1,0,1
999,993,4.33,1,1,1,0
945,895,37.52,1,0,0,0
572,224,4.2,0,1,1,0
194,467,46.31,1,0,1,0
177,609,16.0,1,1,1,0
202,5,3.7,1,0,0,1
628,454,91.83,1,0,0,1
337,598,76.04,0,1,0,0
125,654,78.13,0,1,0,0
245,854,22.95,1,0,0,1
751,440,95.61,1,0,1,1
146,560,78.63,0,1,1,1
749,566,21.12,1,1,0,0
665,776,13.19,0,0,1,0
407,648,73.23,1,1,1,1
588,994,56.92,0,0,1,0
300,973,63.04,0,0,1,0
115,441,11.84,0,0,1,0
165,262,48.99,1,0,1,1
860,901,44.38,0,1,0,1
793,326,34.88,1,1,1,0
740,8,76.08,0,1,0,1
228,121,91.58,1,1,1,1
474,183,15.81,1,0,0,1
261,633,3.56,1,0,1,1
908,204,85.24,1,1,0,0
115,86,35.76,0,1,1,1
765,696,9.43,0,0,0,1
666,56,98.94,0,0,0,0
361,331,31.97,1,0,1,1
901,977,1.42,1,1,1,1
81,75,44.91,0,1,1,0
931,902,4.75,1,1,1,0
784,78,34.06,1,1,0,0
62,365,95.67,0,0,0,0
595,906,42.95,0,0,1,1
62,625,54.51,0,1,0,1
170,604,1.62,1,1,1,0
40,46,90.15,1,1,1,0
706,266,83.45,1,1,1,1
895,430,40.85,1,1,0,1
576,152,62.75,1,1,1,0
29,38,83.59,0,1,0,1
747,240,68.53,0,0,1,0
603,915,56.03,1,0,0,0
294,295,45.75,1,1,0,1
593,827,92.57,1,1,0,0
297,62,82.37,0,1,1,1
350,434,2.11,0,0,1,1
25,217,39.58,1,1,1,1
105,664,72.37,1,0,0,0
893,76,27.48,1,0,0,0
944,22,57.32,1,1,1,1
523,644,47.77,1,0,1,0
189,869,48.02,0,0,0,1
448,822,20.09,1,0,0,0
175,149,53.64,1,1,0,1
686,681,20.3,0,0,1,1
835,391,55.3,1,1,1,1
361,281,17.82,0,0,1,1
445,276,45.8,1,1,1,0
747,286,35.86,0,0,0,1
279,722,80.24,0,0,0,0
161,969,89.94,1,1,1,0
736,991,81.67,0,0,1,0
501,868,7.47,1,0,1,0
955,564,11.21,1,0,1,0
355,674,93.33,1,1,0,0
517,760,70.46,0,0,1,1
475,259,60.42,0,0,0,0
64,211,29.92,1,0,0,1
766,733,90.97,1,1,1,1
784,562,26.92,0,1,0,0
593,655,1.51,1,0,1,0
846,435,53.97,1,1,0,1
961,763,10.03,1,0,1,1
798,586,75.13,0,1,1,0
184,432,79.47,1,1,1,0
705,597,80.88,0,0,1,0
429,657,46.63,0,0,1,1
159,286,71.73,0,0,0,0
616,694,71.89,1,1,0,1
141,486,80.46,0,0,0,0
437,347,99.58,1,0,0,1
152,117,40.28,1,1,0,1
922,196,14.58,0,1,0,1
263,429,9.39,1,1,1,1
3,744,31.96,0,0,1,1
33,891,8.39,1,0,1,1
348,902,1.62,0,1,1,0
767,158,96.9,0,0,0,1
949,886,47.61,1,1,1,0
533,234,54.44,1,1,0,1
926,990,70.97,0,1,1,1
858,534,31.43,1,1,0,1
900,944,69.4,1,0,1,1
757,369,66.49,1,1,0,1
671,77,34.69,0,0,0,1
287,476,16.51,1,0,0,1
986,291,20.92,1,0,0,1
256,713,94.25,1,0,0,0
429,602,12.95,0,1,0,1
613,336,99.08,0,1,0,0
356,293,31.64,0,0,1,1
600,236,44.96,0,1,1,1
731,116,43.83,1,1,0,1
940,349,32.56,0,1,0,0
44,741,79.36,0,1,1,1
514,360,55.85,1,0,0,0
903,951,63.46,0,1,1,0
957,100,45.59,0,1,0,0
228,23,74.02,1,1,0,0
752,404,29.91,1,1,0,0
570,290,42.21,1,1,1,1
730,301,51.68,1,0,0,0
630,163,40.51,1,1,1,1
457,566,47.28,1,0,1,0
641,346,2.58,0,1,1,1
333,544,72.35,1,1,1,1
97,331,13.98,0,0,0,1
80,35,89.22,1,0,0,1
722,983,81.23,1,0,1,0
22,750,50.63,0,0,0,0
303,707,26.85,1,1,1,1
463,474,43.11,1,1,0,0
27,126,84.72,0,1,0,0
185,914,90.45,0,0,1,0
577,505,90.61,0,0,0,0
369,115,4.89,0,1,1,0
758,560,48.55,0,0,1,0
829,510,87.19,1,1,1,0
583,116,22.64,0,0,1,0
537,250,26.45,1,1,0,0
912,804,4.55,0,0,1,1
105,425,87.18,1,1,0,1
289,662,30.03,1,1,0,1
668,837,55.28,1,0,0,0
30,185,90.64,1,1,1,1
608,968,36.8,0,0,0,1
61,80,71.23,0,0,1,1
910,424,19.15,1,1,0,1
868,410,97.5,0,0,0,1
473,373,20.72,1,1,0,1
870,954,8.6,0,0,1,0
416,647,23.99,0,1,1,0
115,231,4.83,1,1,1,1
380,240,50.48,1,0,0,0
258,641,24.41,0,0,0,0
940,13,30.58,0,0,0,1
808,410,4.22,1,1,0,0
991,330,27.53,0,1,1,1
715,908,12.83,1,0,0,0
668,929,47.2,1,0,1,1
781,242,60.42,0,1,0,0
30,415,41.89,1,0,1,0
443,208,43.08,0,0,0,1
540,656,85.87,1,0,1,0
815,313,2.69,1,0,1,0
607,488,26.27,0,1,1,0
454,996,59.47,1,0,0,1
491,235,73.99,1,1,0,0
27,650,35.31,0,0,0,0
912,111,18.48,0,0,0,1
516,713,51.78,1,1,0,0
666,200,8.71,0,1,1,1
98,381,78.85,1,1,1,0
242,159,74.24,0,0,0,1
765,249,25.78,0,1,1,0
931,943,16.01,1,0,1,0
494,960,74.11,1,0,1,1
428,969,90.72,1,1,1,1
520,872,36.05,0,0,1,0
712,758,1.78,1,1,1,1
157,552,63.79,1,1,1,1
603,642,69.02,0,1,1,1
730,244,24.04,0,0,0,0
320,690,30.98,0,0,1,0
532,348,97.97,0,1,1,0
640,702,83.31,1,1,1,0
452,456,20.62,0,1,1,0
601,630,40.54,1,1,0,1
803,533,15.98,1,1,0,1
64,640,94.51,0,0,0,1
343,980,89.77,0,0,0,0
705,510,81.09,0,1,1,0
742,857,85.21,0,0,0,0
423,831,97.95,1,0,0,1
675,768,88.01,0,0,1,0
790,524,26.99,1,1,0,0
215,167,1.9,1,0,1,1
394,785,96.49,0,0,1,1
80,818,66.06,1,0,0,0
371,280,8.58,0,0,0,0
512,219,16.52,1,0,1,0
568,805,86.09,0,0,0,1
607,480,40.51,1,0,1,0
908,705,25.23,1,1,0,0
843,841,5.15,0,0,1,1
323,110,67.81,1,1,1,1
77,351,41.79,1,1,0,0
987,383,96.7,1,0,0,1
933,892,54.55,0,0,0,1
254,832,1.32,1,0,0,0
545,783,95.38,1,1,1,0
708,627,81.06,1,1,1,1
417,301,21.4,0,1,1,1
904,660,12.34,0,0,1,1
660,105,56.56,1,1,0,0
349,106,73.02,1,0,0,1
75,510,69.37,1,0,0,1
869,715,85.89,0,1,1,0
938,469,1.31,1,0,1,0
182,755,41.45,0,0,0,0
574,526,4.91,1,0,0,0
647,87,5.54,0,1,0,1
787,404,25.81,0,0,0,1
655,622,35.14,0,0,0,1
860,580,46.35,1,1,0,0
607,708,98.04,1,1,1,0
253,797,7.15,1,1,1,0
293,743,30.08,1,1,0,1
393,638,19.94,0,1,0,1
448,631,65.6,1,0,0,0
175,720,70.78,0,1,0,1
848,624,44.34,0,0,1,1
360,139,32.47,0,1,0,1
94,700,7.23,1,0,0,1
746,847,13.68,1,1,0,1
426,649,80.54,1,1,0,0
888,256,81.2,0,0,0,1
544,930,84.54,1,0,0,1
200,975,68.0,0,1,1,1
206,572,11.02,1,0,1,0
437,920,30.98,1,0,0,1
971,404,81.76,1,1,0,1
142,505,49.35,0,1,1,0
683,523,15.28,0,0,1,1
156,556,85.07,1,0,1,1
113,465,8.01,0,0,0,0
670,178,62.8,1,1,0,0
398,72,45.09,1,1,0,1
872,907,41.38,1,0,1,1
335,622,73.09,1,1,0,0
823,705,40.72,0,1,1,1
710,372,84.92,0,1,0,1
572,6,87.07,1,0,1,0
671,331,94.46,1,1,0,1
309,304,17.3,0,1,0,0
484,491,46.75,0,1,1,0
782,716,91.16,0,1,1,1
932,8,62.17,0,0,1,1
298,110,33.44,1,0,1,0
695,119,40.22,0,0,1,1
352,413,81.15,1,1,0,1
39,471,13.4,1,0,1,0
911,727,38.26,0,1,0,1
550,240,41.36,1,1,0,1
713,616,66.79,0,1,1,0
981,217,38.19,0,1,0,1
360,621,97.25,0,1,0,1
858,715,12.87,1,1,1,0
869,409,9.65,1,1,0,1
63,772,31.5,0,1,0,0
538,232,44.65,0,1,1,0
915,500,3.25,1,1,0,1
781,721,91.95,0,1,1,1
91,872,1.56,0,0,1,0
286,899,91.54,1,1,1,0
346,722,9.13,0,0,0,0
401,621,22.95,0,1,0,0
156,463,82.26,1,1,0,1
239,646,29.18,1,1,0,1
510,772,27.72,0,1,0,1
838,399,30.85,0,1,1,0
37,18,70.47,0,1,0,1
536,769,20.74,0,0,1,1
912,612,93.95,0,1,0,1
488,156,17.45,1,0,0,1
352,566,79.83,0,1,1,1
706,843,9.65,0,1,0,0
759,795,88.34,1,1,0,0
810,579,64.86,0,1,0,1
191,212,72.31,1,0,1,1
909,677,48.12,0,1,1,0
926,401,30.69,0,1,1,0
460,798,36.06,1,1,0,1
945,494,98.94,0,1,1,0
314,227,57.75,1,1,0,1
311,334,77.73,1,0,0,1
463,629,18.62,0,0,1,1
671,894,30.65,0,0,1,0
928,936,75.83,0,1,1,1
873,459,2.21,0,0,0,1
115,575,93.22,1,1,1,1
51,557,93.43,1,1,1,0
960,275,87.39,1,1,0,1
282,470,25.04,0,0,0,0
918,872,59.8,1,1,1,1
628,682,50.16,1,1,0,0
211,896,40.68,1,0,1,1
267,345,98.08,1,0,1,0
20,519,51.48,1,1,0,1
516,761,53.65,0,0,1,0
240,858,63.19,1,0,1,1
725,518,55.09,0,1,0,0
808,950,26.66,1,1,0,0
0,737,96.52,1,1,1,1
521,559,74.55,1,1,0,1
806,302,11.33,1,0,1,1
589,397,71.33,0,1,1,0
820,694,83.42,1,0,1,0
572,317,68.55,0,1,0,0
446,219,24.24,1,1,0,1
59,541,66.55,0,0,0,0
418,668,14.08,0,0,0,0
347,909,80.68,1,0,0,1
853,900,27.05,1,1,0,0
331,712,53.1,1,1,0,1
248,52,86.51,1,1,1,1
129,516,73.44,1,1,0,1
975,843,89.32,0,1,1,1
0,57,52.8,0,1,1,0
74,70,47.06,0,0,0,1
684,768,80.02,1,1,1,1
663,121,49.96,0,0,0,1
896,999,17.02,0,0,0,0
59,70,49.86,1,1,0,1
570,414,34.34,1,0,1,1
102,85,74.48,1,0,1,0
780,150,57.69,1,1,0,0
34,709,88.53,0,1,1,1
359,639,26.34,0,0,1,1
652,205,32.99,0,0,0,1
174,497,11.67,0,1,1,1
653,411,36.7,0,1,0,1
133,971,94.17,0,0,0,0
756,511,28.25,1,1,1,0
450,434,17.51,1,1,0,1
221,848,23.54,1,0,1,0
145,178,35.45,1,0,0,0
563,742,55.06,0,0,1,0
844,587,46.07,1,1,0,1
148,291,36.74,0,0,1,0
343,781,35.37,0,0,0,0
641,89,65.88,1,0,0,1
499,487,64.87,1,0,1,1
733,619,57.02,0,1,0,0
249,842,37.37,0,0,0,0
324,806,64.08,0,0,1,1
559,977,58.32,1,0,0,0
15,31,56.93,0,0,1,0
730,766,31.61,1,1,0,1
197,969,44.58,0,1,0,1
123,488,38.35,0,1,0,0
572,326,77.76,0,1,0,1
966,53,29.04,0,0,0,1
216,582,81.42,1,1,0,0
201,689,80.1,0,0,0,0
875,129,55.91,1,1,1,1
666,134,6.54,0,0,0,0
375,345,53.01,1,0,0,0
314,420,60.33,0,1,0,0
415,924,46.86,1,1,0,1
309,467,87.25,0,1,0,1
455,568,38.7,0,0,1,0
110,278,40.93,0,0,0,1
231,35,6.7,1,0,1,1
165,456,1.57,0,1,1,0
281,955,7.09,1,1,1,1
715,971,50.07,0,0,1,0
276,763,28.98,0,0,0,1
799,965,48.0,0,0,0,1
843,463,47.09,1,0,0,1
625,423,42.13,1,0,1,0
540,747,47.16,1,0,0,0
233,941,79.13,0,1,1,0
702,146,70.39,0,0,1,0
223,950,13.71,0,0,0,0
228,294,29.34,0,1,0,1
231,638,49.19,0,0,0,1
290,256,68.79,0,1,0,0
435,27,28.03,1,1,0,1
859,78,11.43,1,0,1,1
297,775,44.97,0,0,0,0
757,702,45.35,1,1,0,1
198,585,66.2,0,1,1,1
856,657,71.9,0,1,1,0
531,244,41.62,0,1,0,1
926,260,33.86,1,0,0,1
219,410,57.84,0,1,1,0
654,207,4.1,1,1,0,0
7,464,55.72,1,0,1,1
891,983,57.52,1,0,0,0
6,879,33.51,0,0,1,0
433,272,54.85,1,1,1,1
584,915,10.92,0,0,0,1
591,218,56.72,0,1,0,1
587,315,27.54,1,0,1,1
816,29,61.75,1,0,0,1
435,947,97.9,1,1,0,1
951,282,16.68,0,1,0,0
849,985,46.88,1,0,0,1
48,827,17.72,1,0,1,1
620,185,26.08,1,1,0,1
996,895,5.18,1,0,1,1
602,298,67.29,0,1,1,0
380,400,31.26,1,1,1,1
176,686,7.26,1,0,0,0
121,873,98.27,0,1,1,1
986,139,21.66,1,0,0,1
107,880,7.54,0,0,0,0
840,15,44.7,0,0,0,0
623,155,2.31,1,1,1,1
201,48,69.17,1,0,1,0
748,922,14.25,1,1,0,1
759,280,32.91,1,1,1,1
633,617,41.94,1,0,1,1
857,141,66.46,1,1,1,1
857,448,31.09,0,0,0,1
400,697,23.69,0,0,0,0
293,674,29.64,1,1,1,0
484,653,68.97,0,1,1,1
780,140,89.07,1,0,0,1
173,541,51.66,1,1,1,0
35,232,78.51,0,1,1,0
332,453,93.23,0,1,0,0
390,422,43.62,0,0,0,1
574,40,92.97,0,1,0,1
530,38,82.66,1,0,0,1
418,986,9.52,1,0,1,1
887,407,90.65,0,1,1,1
303,287,27.66,1,1,0,1
271,667,11.66,0,0,1,1
622,938,71.62,0,1,0,1
660,724,68.42,1,1,1,1
310,217,79.16,1,0,0,1
253,276,64.67,1,0,1,1
165,652,38.05,0,0,1,0
159,640,6.76,0,0,0,1
984,719,7.7,0,0,0,0
501,416,18.91,1,0,1,0
289,884,98.14,0,0,0,1
471,0,11.52,0,0,0,0
217,730,16.0,0,0,1,1
663,115,29.7,0,1,1,1
763,432,54.5,1,1,0,0
53,980,10.74,0,1,0,1
600,380,37.82,0,1,1,1
631,715,95.95,1,0,0,0
103,365,26.28,1,1,0,1
69,795,58.61,0,1,1,0
196,553,3.24,1,0,0,0
764,249,3.59,1,1,0,0
836,118,73.9,1,1,1,0
454,489,45.01,1,0,1,1
435,710,54.28,0,1,0,0
450,999,9.0,0,0,1,0
783,272,93.66,0,1,0,0
10,9,63.03,1,0,0,0
810,749,43.44,1,1,1,1
329,817,40.64,0,0,0,0
758,169,42.95,1,0,1,0
416,473,51.46,1,0,1,1
892,530,75.7,0,1,1,0
52,590,17.19,0,0,0,0
762,501,21.51,1,1,1,1
289,47,7.29,1,0,1,0
120,973,10.84,0,1,0,1
784,222,63.14,1,0,1,1
914,822,57.79,0,0,1,0
543,140,81.84,1,1,1,0
905,545,89.28,0,1,0,0
88,196,29.63,1,1,0,1
310,595,99.71,0,0,1,0
642,726,91.56,0,1,0,0
769,217,19.54,1,1,1,1
259,13,17.76,1,0,1,1
222,730,21.07,1,1,0,1
28,401,2.31,0,1,1,0
307,519,96.93,0,0,1,1
343,738,80.1,1,0,1,0
36,868,25.8,1,0,0,0
408,109,53.48,0,0,1,1
204,914,64.0,1,0,1,1
312,932,36.98,0,0,0,0
534,78,27.11,1,0,0,0
477,747,64.21,1,1,1,1
284,514,69.68,0,1,0,0
250,425,38.29,0,0,0,1
285,800,13.67,1,1,0,0
476,477,3.5,1,1,0,1
533,470,24.78,1,0,1,1
143,655,55.45,1,1,0,0
366,143,70.03,0,0,1,0
414,210,28.08,0,0,1,1
383,289,48.85,0,1,0,0
818,425,18.22,0,0,0,0
990,812,54.23,0,0,0,0
224,800,19.58,0,0,0,1
137,681,58.05,1,0,1,1
68,13,67.78,1,0,1,0
247,231,50.67,1,0,1,1
844,150,98.29,1,0,1,0
601,51,47.47,1,1,1,1
44,525,89.65,1,0,1,0
385,692,97.56,1,1,1,1
642,41,57.95,1,1,0,1
531,439,61.95,0,1,0,1
57,677,88.65,0,0,1,0
893,355,82.58,0,0,1,1
52,437,11.26,1,1,0,1
288,251,62.66,1,1,1,0
507,513,57.42,0,0,0,0
693,519,28.87,1,1,1,0
248,329,19.34,1,0,0,0
758,15,48.99,0,1,0,1
761,783,30.3,1,0,1,1
394,572,10.34,1,0,1,1
742,479,44.43,1,1,1,0
288,313,49.43,1,1,1,0
429,814,20.95,0,1,0,1
470,328,6.74,0,0,0,1
21,814,53.3,1,0,0,0
896,902,60.75,1,0,0,1
592,318,69.8,0,0,0,0
839,689,69.71,0,0,0,1
154,820,22.22,0,0,1,0
762,368,80.33,1,0,1,0
886,71,95.35,0,0,0,0
8,84,36.39,1,1,1,0
484,830,86.33,1,0,1,1
380,171,19.33,1,0,0,0
754,32,76.96,1,0,1,0
442,946,54.6,0,1,0,0
564,276,54.92,0,0,0,0
405,765,58.75,1,0,1,0
802,907,90.55,1,1,0,0
341,32,58.41,1,0,0,0
287,672,18.86,1,0,0,1
214,387,9.09,0,0,1,0
613,142,31.54,1,0,0,0
397,244,81.57,1,0,0,0
531,823,22.25,1,0,1,0
970,120,43.97,0,0,1,1
669,533,28.01,0,0,1,0
430,557,94.55,0,0,1,0
949,249,73.79,0,1,1,0
291,788,67.24,0,1,1,1
633,448,75.8,0,0,0,1
123,714,28.46,1,0,0,1
515,383,32.19,1,0,0,0
525,911,71.13,1,0,0,1
297,207,72.94,0,1,1,1
194,749,77.82,0,1,0,0
108,394,86.94,1,0,0,0
36,626,38.08,1,1,1,0
818,193,99.29,1,0,0,0
737,511,83.13,0,1,0,0
867,254,83.65,0,0,0,0
749,464,7.3,0,0,0,1
630,55,1.84,1,0,1,1
810,266,27.86,1,1,0,1
675,875,90.39,1,1,0,0
718,347,31.3,0,1,1,0
43,489,29.75,1,1,1,1
84,253,67.95,0,1,1,0
751,381,18.09,0,1,0,1
173,997,76.78,0,1,0,1
636,621,62.21,0,0,1,1
489,633,45.03,1,0,0,1
70,850,6.51,0,1,0,1
432,110,87.29,0,1,0,0
656,832,39.69,1,1,1,0
961,583,95.11,1,1,0,0
898,412,35.45,1,0,1,1
496,630,60.36,0,1,1,1
550,414,90.95,0,0,0,0
313,512,64.36,1,0,1,1
735,696,80.54,1,0,0,1
685,478,24.2,1,0,0,1
347,312,9.25,0,0,1,1
868,738,60.99,0,1,1,0
892,834,51.35,1,0,1,1
435,493,10.57,1,1,0,1
703,230,33.1,1,1,0,1
781,757,53.12,0,0,1,0
443,965,55.44,1,1,0,1
598,832,72.91,0,0,1,1
634,722,73.7,1,1,0,1
56,487,3.27,0,1,1,0
51,598,93.56,0,0,0,0
276,666,60.36,1,0,0,0
667,511,12.48,1,1,1,1
401,377,28.7,0,0,1,1
924,793,89.58,1,0,1,0
873,828,91.25,0,0,0,1
661,820,73.81,0,1,0,0
941,564,27.58,1,1,1,1
383,210,53.44,0,0,1,1
734,132,94.65,1,1,1,0
278,545,83.39,0,0,1,0
373,544,90.03,1,1,0,1
945,417,12.75,1,0,1,0
262,458,52.14,1,0,1,1
50,25,99.72,0,0,0,0
512,630,41.12,1,0,1,1
294,437,87.58,0,0,1,0
278,860,54.17,0,1,1,1
410,356,61.49,1,0,1,1
787,984,16.31,0,0,0,0
97,707,75.65,0,1,0,0
418,344,21.02,1,1,0,1
601,750,81.63,0,1,0,0
74,23,26.32,1,1,1,1
248,827,95.68,1,0,1,0
112,485,49.77,0,0,1,0
55,90,91.82,1,1,0,1
86,763,58.98,0,1,0,1
825,975,48.35,0,1,1,0
533,720,87.69,1,0,1,1
170,349,40.02,0,0,1,1
780,526,27.58,0,0,1,1
117,0,40.26,0,0,0,0
205,817,92.82,0,0,0,1
123,421,33.28,1,0,0,1
282,87,97.58,0,1,1,0
662,809,63.74,0,0,0,1
105,847,60.19,0,1,1,0
575,572,29.88,1,0,1,0
991,667,54.92,0,1,1,1
323,307,70.97,0,1,0,1
614,749,70.83,0,0,0,0
264,594,93.53,0,1,0,1
370,784,39.01,0,0,0,0
405,217,70.53,1,0,0,1
588,893,81.95,1,0,1,1
712,634,60.24,0,1,1,1
946,432,28.8,0,0,0,0
369,817,12.57,1,1,0,1
732,853,93.01,0,1,1,0
426,122,30.78,1,0,0,0
987,269,21.42,1,0,1,0
810,218,71.28,1,0,1,1
792,361,99.45,1,0,0,1
842,799,60.52,1,1,0,1
218,118,80.71,0,1,0,0
300,962,49.08,0,1,1,0
67,418,71.16,1,1,1,1
387,818,36.48,1,0,0,0
909,837,88.45,0,0,1,0
961,879,16.59,1,0,0,1
536,901,62.04,0,1,0,1
500,673,43.98,0,0,0,1
36,580,34.7,0,1,1,1
213,372,74.34,1,0,1,0
43,400,78.9,1,1,0,1
586,780,37.99,1,0,0,0
672,190,11.71,0,1,1,0
52,306,62.68,1,1,0,1
913,343,26.77,1,0,0,1
158,108,82.26,1,1,1,1
662,646,41.57,1,1,0,0
37,99,23.68,1,0,0,1
931,419,47.47,0,1,0,0
59,66,46.97,0,0,0,0
545,697,36.52,0,1,0,1
819,232,74.43,1,0,0,1
815,133,2.17,0,0,0,0
360,932,59.86,0,1,0,0
225,507,6.37,0,1,0,1
13,730,58.58,1,1,1,1
493,561,75.79,1,0,1,0
66,45,67.91,0,1,1,1
629,605,20.58,1,1,0,1
941,362,49.52,0,0,1,1
241,209,77.1,0,1,0,0
38,587,12.71,0,0,1,0
251,663,88.91,0,0,0,0
268,538,39.69,1,1,1,1
516,694,32.14,0,0,1,1
184,4,5.42,1,0,1,0
402,498,62.18,0,1,1,0
844,148,3.21,0,0,1,0
767,324,73.57,1,0,1,1
317,109,76.21,1,1,1,1
222,486,50.05,0,1,0,0
698,35,14.84,0,0,0,1
855,895,99.27,0,1,1,1
202,884,16.64,0,0,1,1
963,743,64.46,0,0,1,1
636,285,23.99,0,1,1,1
713,337,30.95,0,0,0,1
955,104,57.15,1,0,0,0
181,99,28.11,1,0,1,0
229,184,68.26,0,0,0,0
812,872,43.56,0,1,1,1
91,740,15.18,0,1,1,0
720,789,97.18,0,1,1,1
692,563,5.79,0,0,0,1
197,450,57.05,1,0,1,0
890,364,66.42,0,0,1,1
667,901,78.1,0,0,1,0
303,484,58.49,1,0,1,1
868,508,90.66,0,1,0,1
52,414,4.59,1,0,1,0
789,927,17.95,0,1,1,1
858,132,39.23,1,1,0,1
179,163,29.4,0,1,0,1
891,376,67.96,1,0,1,1
426,956,83.11,1,1,1,1
5,556,32.91,1,1,1,1
231,850,4.3,0,0,0,1
64,534,74.96,1,1,0,0
619,225,98.24,0,1,1,1
43,757,11.28,0,1,0,1
334,790,93.68,0,0,0,1
687,521,31.71,0,0,0,1
520,330,14.26,0,1,1,0
582,269,94.44,0,0,0,1
540,561,68.04,0,0,0,0
926,826,28.22,0,1,1,1
489,522,86.04,1,1,1,1
332,634,40.49,1,1,0,1
792,304,76.66,1,1,1,1
669,535,35.86,1,0,1,1
196,753,38.91,0,1,1,1
521,978,50.7,0,0,0,1
868,715,51.62,1,1,0,0
458,369,35.13,0,1,1,0
348,58,19.22,1,1,0,1
628,899,13.98,0,0,1,1
65,108,8.46,0,0,0,1
566,435,87.85,0,1,0,0
91,139,15.07,0,0,0,0
801,733,62.68,0,1,0,0
975,750,44.1,1,1,0,0
320,934,80.54,1,1,0,0
789,118,25.84,0,1,0,0
536,437,87.69,1,1,0,0
626,773,6.7,0,0,1,0
544,807,56.39,1,0,0,1
346,995,6.53,0,1,1,0
771,188,88.92,0,1,0,0
816,123,94.55,0,0,1,0
148,239,15.16,0,1,1,0
534,265,25.06,0,1,0,0
587,580,42.81,0,1,0,0
795,528,70.01,0,1,0,0
884,95,35.06,0,0,1,0
751,997,78.34,0,1,1,0
681,53,89.47,0,0,0,0
360,683,52.36,1,0,0,0
304,841,48.17,0,1,0,1
599,261,54.94,0,1,0,1
584,641,82.22,0,0,0,0
42,745,88.64,1,0,1,1
252,544,16.45,1,0,1,1
216,807,67.24,0,0,1,0
715,297,9.66,0,0,1,1
743,214,60.86,1,1,1,0
217,640,40.98,0,0,0,0
793,676,51.41,0,0,0,1
420,494,87.35,1,1,0,0
386,58,28.42,1,1,1,0
447,36,39.79,0,0,1,1
209,845,53.26,1,1,0,0
265,987,87.48,0,0,0,0
294,359,29.29,1,1,1,0
82,259,69.42,1,0,1,0
993,895,94.35,0,1,1,1
51,905,71.73,0,1,0,1
401,645,63.25,0,0,0,0
290,76,23.93,0,1,0,1
649,65,72.93,1,1,0,0
126,738,88.56,0,1,1,1
779,268,2.0,1,1,1,1
312,723,21.26,0,1,0,0
597,248,32.6,1,0,1,0
598,527,86.99,1,0,1,0
706,930,12.35,0,1,0,1
544,534,95.99,0,1,1,0
476,203,30.12,1,1,1,0
474,843,57.83,0,0,1,1
731,607,14.25,0,1,0,1
397,432,27.08,1,1,0,0
203,13,49.13,1,0,1,1
676,571,51.01,0,0,0,0
813,489,39.69,0,0,0,1
292,24,36.99,0,0,0,1
578,476,44.39,0,1,0,0
686,405,52.36,1,0,0,1
819,403,9.2,1,1,0,1
169,488,50.0,1,1,0,0
333,332,4.34,0,0,1,1
692,694,89.35,0,1,0,1
83,2,36.68,1,1,1,1
988,661,41.45,0,0,0,0
709,428,63.95,0,1,1,0
685,770,91.56,1,0,0,1
449,153,33.35,0,0,0,1
60,577,8.94,0,1,1,0
912,634,8.1,1,0,1,0
778,86,62.26,1,0,0,1
353,258,63.81,0,1,1,1
858,236,99.34,0,0,1,0
785,169,38.03,1,1,1,0
135,40,74.93,1,1,0,0
894,454,46.69,1,1,1,1
769,310,17.78,0,0,0,0
320,380,71.23,0,1,0,1
855,607,69.64,1,0,1,1
435,245,54.88,0,1,1,0
375,103,7.05,0,1,1,0
51,634,57.62,0,0,1,1
851,342,83.31,1,1,0,0
854,92,22.76,1,1,0,0
695,452,93.45,1,1,0,1
20,177,76.04,1,0,0,0
418,132,2.2,1,1,0,1
665,868,27.42,1,0,0,0
879,150,74.41,0,1,0,0
363,902,47.53,0,1,0,1
331,33,31.93,1,0,0,0
225,779,75.79,0,0,1,0
497,599,91.83,0,1,0,0
64,16,36.35,1,0,1,0
155,373,32.53,1,1,1,1
6,200,50.33,1,1,0,1
14,955,94.95,1,0,1,1
801,112,96.93,1,0,0,0
225,895,64.05,1,1,1,1
532,381,66.37,1,0,0,1
257,562,45.93,0,1,1,1
595,788,10.6,1,0,0,0
967,687,37.35,0,0,0,1
662,204,52.04,0,0,1,0
193,884,53.66,1,1,0,0
708,811,29.16,1,1,0,1
519,465,96.6,1,0,0,0
528,49,91.57,0,0,0,1
320,405,53.09,0,1,1,1
431,770,19.31,0,1,1,1
550,132,77.45,1,0,0,0
888,720,89.2,0,0,0,1
883,351,12.72,1,0,0,1
18,611,92.84,0,1,1,0
180,751,16.01,0,1,1,0
931,296,24.2,0,1,1,1
173,590,27.63,1,1,0,0
137,380,5.16,0,0,1,0
693,999,58.07,1,0,0,1
189,554,81.03,0,0,0,0
715,434,82.7,0,1,1,1
196,98,61.16,1,1,0,1
953,757,11.27,0,1,0,1
765,316,36.73,1,1,1,0
311,195,62.76,1,1,1,0
732,406,6.5,0,1,0,1
441,10,31.47,1,1,1,0
62,74,79.74,1,0,0,0
100,87,80.61,0,1,1,1
386,580,7.43,1,1,1,1
473,222,26.86,1,1,1,0
543,956,30.5,1,0,0,0
713,817,40.95,0,0,0,0
388,487,86.74,1,0,0,1
103,688,2.2,1,0,0,0
600,704,92.14,1,1,1,1
965,960,35.34,1,0,1,1
406,457,22.48,0,0,0,1
226,500,64.77,1,0,1,1
993,954,56.62,1,0,1,0
688,390,12.75,0,1,0,0
80,721,23.66,1,0,1,1
21,415,43.51,0,0,1,0
94,282,77.18,1,0,0,0
845,695,82.91,0,0,0,0
362,175,94.73,1,1,0,0
163,446,75.3,1,1,1,0
774,330,5.7,0,1,0,1
24,897,6.44,0,1,0,0
316,98,26.19,1,0,1,0
872,567,48.66,1,0,1,1
100,251,56.79,0,1,1,1
814,624,72.58,0,1,0,0
380,201,19.19,1,0,1,0
404,22,77.12,0,0,0,0
840,193,98.46,1,1,1,1
167,343,60.6,0,0,1,0
377,762,95.11,0,0,0,0
972,893,92.76,1,0,1,0
53,144,67.54,1,1,0,0
111,16,27.37,1,1,1,1
265,285,34.34,1,1,0,0
891,787,72.41,0,1,1,1
162,643,74.52,0,1,0,0
186,232,25.13,0,1,0,1
624,948,10.22,1,0,0,1
954,543,42.88,1,1,0,1
871,95,55.31,0,1,1,1
864,268,35.83,0,0,1,1
837,722,57.56,1,1,0,0
902,630,39.0,1,0,0,0
371,782,18.88,0,0,0,0
630,295,93.4,0,1,1,0
304,878,43.31,1,1,1,1
177,223,24.1,0,1,1,1
795,920,42.97,1,0,1,1
77,232,36.79,0,1,0,1
51,523,98.26,1,0,1,1
604,407,17.25,0,1,1,1
87,926,78.05,1,0,0,0
551,758,89.93,0,0,1,1
951,284,58.74,0,0,1,0
471,595,1.98,1,0,1,1
526,830,93.77,1,1,1,1
589,460,69.64,1,0,1,1
183,935,52.86,1,1,1,0
837,651,58.89,1,1,0,1
57,734,12.14,1,1,0,0
815,280,71.05,0,1,0,1
539,275,8.29,0,1,0,1
817,973,14.35,1,0,0,1
928,215,2.78,0,1,0,1
539,660,97.64,1,1,0,1
596,857,56.71,1,0,1,0
77,325,31.06,1,1,0,0
535,905,60.69,1,1,1,0
295,14,59.61,0,1,0,0
722,158,21.96,0,0,0,0
96,993,21.38,1,1,1,0
904,525,28.42,1,1,0,0
559,316,95.29,1,0,1,0
364,628,72.69,1,0,0,1
965,817,40.45,1,0,1,0
287,506,19.85,0,1,0,0
880,369,61.07,1,1,0,0
505,97,58.11,1,1,1,0
780,887,38.69,0,1,1,0
721,324,40.32,0,0,1,1
444,563,20.44,1,1,0,0
12,843,49.23,0,1,0,0
833,928,47.47,1,0,1,1
445,699,21.68,0,1,0,0
65,172,96.67,0,0,1,0
497,645,97.31,1,1,1,1
426,230,76.55,0,0,0,0
850,316,70.04,0,1,0,1
98,495,18.35,0,0,1,0
684,940,34.36,1,0,1,0
337,866,96.25,1,0,0,0
411,998,36.91,1,1,0,1
547,343,8.99,1,1,1,0
883,807,76.14,0,1,1,0
255,729,41.44,1,0,0,1
793,438,10.17,1,0,0,0
545,956,26.25,0,1,0,0
674,22,20.99,0,0,1,1
426,983,42.74,1,1,0,0
633,712,26.48,0,1,0,1
233,524,87.09,0,1,0,1
461,151,31.42,0,0,0,0
504,49,90.03,0,1,0,1
750,877,65.73,1,0,0,1
690,498,19.95,0,0,1,0
51,211,36.27,1,1,0,1
23,264,77.21,1,0,0,1
799,196,4.33,1,0,0,0
757,261,55.29,0,1,1,1
541,393,60.43,1,1,1,0
49,514,7.96,1,1,0,0
582,304,98.29,1,1,0,0
720,740,90.67,0,1,0,1
247,950,30.91,0,0,0,1
623,184,46.42,0,1,1,0
82,260,9.43,0,0,0,1
632,991,9.08,1,1,0,1
146,792,66.14,0,0,0,1
30,967,6.37,0,0,1,1
645,543,1.5,0,1,0,0
245,358,55.71,0,1,0,1
33,703,94.73,0,1,0,1
863,919,88.18,1,0,1,1
908,289,94.18,0,0,1,1
757,129,39.78,1,1,1,0
712,420,65.16,1,1,1,1
867,360,71.59,0,0,1,0
874,267,29.71,0,1,0,0
962,739,50.55,0,0,1,1
6,850,15.11,1,0,0,0
51,286,99.15,1,0,0,0
487,707,91.45,1,0,1,1
9,168,1.49,0,0,1,0
210,663,62.2,1,0,1,0
486,125,41.3,0,0,1,0
882,987,8.88,1,0,1,0
696,177,70.36,0,0,0,1
443,289,19.03,1,0,0,1
959,661,19.94,0,0,1,0
700,273,98.35,1,0,1,0
19,747,69.11,1,0,1,1
71,252,7.11,0,1,1,0
867,992,57.81,0,1,1,0
474,292,57.57,1,1,1,1
383,199,41.58,0,0,1,1
130,453,87.17,0,0,0,0
991,776,98.73,1,0,1,1
105,781,17.98,0,1,0,1
596,357,2.88,0,0,0,0
389,659,16.7,0,1,1,1
371,318,89.14,1,1,1,0
403,856,6.23,0,0,1,1
124,316,78.04,0,1,1,0
811,259,23.49,1,0,0,1
693,275,96.58,1,0,1,1
274,860,96.71,1,1,1,0
735,83,5.99,1,1,0,0
801,122,73.77,0,0,1,0
920,871,16.62,0,1,1,0
559,260,1.88,0,1,0,1
266,31,5.75,0,1,1,0
709,416,26.66,1,1,1,1
257,617,14.91,1,0,1,0
884,190,96.63,0,1,1,0
380,908,93.91,1,0,1,1
618,842,75.65,0,1,0,0
520,951,89.19,1,0,1,1
657,696,56.29,0,1,1,0
652,37,15.12,0,1,1,0
854,771,35.24,0,0,1,1
555,677,47.31,0,1,0,1
845,378,27.45,0,1,0,1
73,45,46.24,1,0,1,1
945,914,44.16,1,0,0,0
307,793,84.32,0,0,0,0
332,913,96.66,0,0,0,1
534,870,23.79,1,0,1,0
584,702,23.61,0,1,0,1
359,934,29.72,0,0,1,0
419,633,97.17,0,0,1,0
243,595,19.87,0,1,0,0
79,743,60.33,1,1,0,1
430,113,45.19,1,0,1,0
905,255,46.55,0,1,1,1
497,527,84.75,0,1,1,1
238,276,51.13,1,0,0,1
628,255,30.42,1,0,1,0
427,568,44.32,0,1,0,1
82,841,77.91,0,1,1,0
845,207,59.98,0,1,0,0
867,349,11.63,1,1,1,1
808,430,66.18,1,0,1,1
651,519,15.44,1,1,1,0
581,95,78.97,1,1,1,0
881,97,24.98,1,1,0,0
561,905,92.62,0,0,0,0
145,746,63.98,1,0,1,1
82,216,14.22,1,0,0,1
538,893,32.12,1,0,0,0
956,143,2.66,0,0,1,1
751,465,79.55,1,1,0,0
989,806,16.26,0,1,1,1
486,474,63.9,1,0,0,0
108,397,18.49,1,1,1,1
984,452,43.01,0,0,1,0
880,326,63.45,0,1,1,0
553,718,95.81,1,1,0,1
677,760,55.96,1,0,0,1
73,151,49.94,1,0,0,1
995,365,86.74,0,0,0,0
589,657,67.8,0,0,1,0
689,992,6.93,1,1,0,1
244,746,56.74,0,0,0,0
378,117,48.36,0,1,0,1
746,19,27.39,0,0,1,1
236,704,63.64,1,1,0,1
340,203,78.38,1,0,1,1
731,998,70.61,0,1,1,1
660,323,29.52,1,1,0,1
291,655,53.45,1,0,0,1
32,376,56.08,0,1,1,0
704,952,46.56,0,0,1,0
868,230,6.14,0,1,0,1
855,51,57.65,1,1,1,0
378,243,64.77,0,1,1,1
596,363,98.88,1,1,0,1
545,474,87.01,1,0,1,0
349,196,87.24,1,0,1,0
609,268,15.29,0,0,0,0
839,717,32.36,1,0,1,1
211,970,84.91,1,1,1,1
228,514,82.62,0,0,1,1
211,183,41.22,1,1,1,1
297,55,28.99,0,0,0,0
298,707,95.08,0,1,1,0
926,338,64.67,0,0,0,1
499,210,87.17,0,1,0,0
884,542,1.13,0,1,1,0
578,256,10.23,1,1,0,1
644,796,46.95,0,0,0,1
731,488,8.06,0,1,0,1
672,419,93.81,0,0,0,1
631,998,23.25,1,0,0,1
520,130,23.72,0,0,1,0
760,698,71.55,1,0,0,0
809,242,85.39,1,0,0,1
873,449,73.88,1,0,0,0
301,372,7.34,1,1,0,0
578,285,46.27,1,0,1,0
511,997,55.04,0,0,1,0
388,471,30.37,0,1,1,0
601,198,48.09,1,1,1,0
858,447,33.99,0,1,1,0
38,667,41.49,1,1,1,0
679,360,17.42,1,1,0,0
39,576,55.52,1,1,1,1
309,650,35.55,0,0,0,0
631,486,56.74,1,1,1,1
441,90,58.12,0,0,1,0
186,657,17.14,1,1,0,1
689,401,73.8,1,0,0,1
725,542,77.0,1,1,1,0
184,76,27.67,0,0,1,1
842,107,54.21,1,0,1,1
238,690,4.65,0,1,0,0
582,738,85.9,1,1,0,0
551,674,73.68,0,0,1,0
200,567,56.1,1,1,0,1
882,996,25.25,0,1,0,0
824,850,12.26,1,1,0,0
370,387,45.1,0,1,0,0
376,646,52.33,0,0,0,1
31,730,67.33,0,0,0,0
889,913,50.21,1,1,0,0
277,347,73.85,0,1,0,0
942,978,59.18,1,1,0,0
941,734,80.84,0,1,0,1
843,370,68.64,1,1,0,0
320,838,46.4,0,1,1,0
8,673,43.23,0,1,0,1
928,512,53.98,1,1,1,0
438,912,68.03,0,1,0,1
382,504,50.77,1,1,1,0
617,35,81.7,0,1,0,1
439,908,9.16,1,1,0,1
867,459,12.9,0,1,1,0
724,195,38.06,1,1,1,1
307,660,11.87,1,0,0,1
703,465,19.81,0,0,1,1
737,415,83.68,1,0,0,0
192,626,67.31,0,1,0,0
649,561,21.11,0,0,1,1
844,884,42.97,1,1,1,0
614,545,31.94,0,1,0,0
107,760,23.67,1,0,1,0
192,395,10.02,1,1,1,1
583,576,18.97,0,1,0,0
319,647,21.44,1,1,1,0
297,454,14.52,1,1,0,1
159,635,96.8,0,0,0,1
12,488,12.89,0,0,0,1
141,826,81.87,0,0,0,1
74,924,74.58,0,1,0,0
726,624,32.37,0,1,0,1
302,168,59.04,0,1,1,0
803,8,4.85,1,1,0,0
37,362,75.76,1,1,1,0
911,637,78.59,0,1,1,1
964,385,39.43,0,1,1,0
665,310,69.08,1,0,1,0
469,954,7.69,1,0,0,0
349,837,89.39,0,0,0,1
924,758,79.08,1,0,0,0
683,143,47.62,1,1,1,0
603,340,71.75,1,1,0,0
796,596,12.76,0,1,0,0
751,529,71.04,1,1,0,1
284,492,38.67,0,1,0,1
699,451,28.54,0,0,0,0
931,396,9.6,0,1,0,1
778,642,80.59,1,1,0,0
351,784,88.44,0,1,0,1
700,326,15.7,0,0,1,0
422,817,9.66,1,0,0,1
621,13,30.07,0,1,0,0
154,693,13.4,0,1,1,0
244,491,46.75,1,0,1,0
863,799,92.78,1,1,0,0
160,46,99.25,0,0,0,1
220,803,57.19,1,0,1,0
184,681,89.49,0,0,0,1
224,108,81.33,1,1,1,0
920,655,26.34,0,0,0,0
757,857,17.09,0,0,0,0
194,171,33.14,0,0,1,1
125,910,4.22,1,0,0,1
640,713,19.54,0,1,1,1
575,446,28.66,0,0,1,0
523,775,40.88,0,0,1,1
428,179,23.44,1,0,0,0
784,265,51.64,1,0,0,1
221,930,94.67,1,0,0,1
341,645,12.83,1,0,1,1
6,709,44.57,1,0,1,1
38,178,82.8,0,1,0,1
465,74,8.83,0,1,0,1
685,210,11.58,0,1,0,1
302,804,27.44,0,1,0,1
739,388,89.42,0,1,0,0
124,528,51.28,0,0,0,0
535,719,4.41,0,1,1,1
420,22,63.73,1,0,0,1
606,203,14.55,0,1,1,1
415,366,2.92,1,0,1,0
797,808,23.52,0,0,0,0
134,415,24.78,1,0,0,0
998,883,27.19,1,1,1,0
601,923,54.76,0,1,0,0
645,613,13.66,0,1,1,1
609,464,76.28,1,0,0,1
106,314,27.69,1,0,0,1
606,170,75.33,0,1,0,0
985,280,53.29,0,1,0,0
695,47,45.14,0,1,1,0
189,814,49.94,1,0,0,0
587,394,83.77,0,1,1,0
914,116,7.26,1,0,1,0
813,835,30.64,1,0,0,1
976,711,7.44,1,1,1,1
777,49,97.42,1,0,0,1
457,518,28.14,0,1,0,1
681,187,26.98,0,0,1,0
554,829,3.57,1,1,1,0
530,929,98.11,0,0,1,0
551,887,6.08,0,0,0,1
264,251,55.8,1,0,1,0
853,91,61.61,0,1,1,1
580,613,51.94,1,1,0,1
648,816,52.85,0,1,0,0
332,126,11.37,0,0,1,1
958,390,47.13,1,1,0,0
390,895,38.76,1,1,0,0
812,829,66.53,1,0,0,0
847,225,63.73,0,1,0,1
346,169,32.66,1,1,1,0
555,775,28.6,0,0,1,1
387,384,32.98,0,1,0,0
367,386,98.47,1,0,1,0
898,240,22.34,0,0,0,0
760,389,46.53,0,0,0,0
584,948,60.67,0,1,0,0
306,890,30.62,1,1,0,0
171,623,96.32,0,0,0,1
924,274,35.01,0,1,1,1
380,635,61.88,0,1,0,0
704,779,52.13,0,1,1,1
536,821,62.46,0,0,1,1
828,331,11.32,1,0,1,1
631,106,50.62,1,1,1,0
346,405,29.95,0,1,1,1
317,414,7.54,1,1,0,1
987,120,49.4,0,0,0,0
63,287,10.61,1,0,1,1
95,929,23.91,1,0,1,0
261,339,24.92,0,0,1,0
410,468,56.49,1,1,1,1
754,573,22.74,0,0,0,1
371,421,91.48,0,0,1,0
63,849,92.5,0,0,1,1
626,416,79.37,0,0,1,0
777,279,60.62,0,0,1,1
91,930,64.16,1,1,0,1
127,60,16.06,1,1,0,1
133,476,22.5,1,0,0,1
229,450,37.85,1,0,1,0
265,376,81.16,1,0,0,1
145,800,3.56,0,0,0,0
42,358,80.54,1,0,1,1
180,420,78.44,1,1,1,1
359,44,99.5,1,1,0,0
596,906,71.2,0,1,0,0
13,192,33.12,0,1,1,0
832,122,34.91,0,1,0,1
476,74,29.87,0,0,1,1
285,384,55.23,1,1,0,0
489,44,43.5,1,0,1,1
132,302,74.75,0,1,0,1
433,805,22.41,0,1,0,0
801,346,5.66,0,1,0,1
362,14,50.23,0,1,1,1
398,345,16.48,0,0,0,0
658,586,88.79,0,0,0,1
12,402,11.68,1,0,1,0
447,995,4.13,1,0,0,0
558,645,84.9,0,0,0,1
448,308,7.19,0,0,0,1
856,648,44.28,1,1,1,1
961,535,19.79,1,0,0,1
971,71,93.52,0,0,1,1
766,287,18.97,1,1,0,1
81,686,7.24,0,1,0,0
212,359,59.68,1,0,1,1
948,661,35.28,1,1,0,0
80,991,71.39,1,1,0,1
9,139,26.83,0,0,1,0
51,342,47.0,1,1,0,0
504,646,20.72,1,0,1,0
693,346,22.84,0,0,1,1
963,259,12.45,1,0,1,0
908,850,83.88,0,0,1,0
749,909,42.06,0,0,1,0
448,0,4.81,0,1,0,1
191,814,86.19,1,0,0,0
590,298,61.1,0,0,1,0
167,967,98.65,0,1,0,0
153,88,60.75,0,1,0,0
890,529,28.64,1,0,0,0
162,463,48.97,0,0,0,1
992,241,60.76,1,1,1,1
532,464,98.86,0,0,0,0
45,451,61.25,1,1,1,0
670,855,86.74,1,0,1,0
933,430,65.27,0,1,0,1
574,912,69.94,0,1,1,0
4,108,11.26,1,0,1,1
687,30,22.55,1,0,0,1
825,125,99.34,0,0,0,0
715,16,96.88,0,1,0,1
62,894,86.87,1,0,1,0
755,989,48.56,0,0,1,1
669,245,17.58,0,1,0,1
321,498,32.01,0,1,0,1
118,761,19.15,0,0,0,1
980,921,98.18,0,1,0,1
259,316,83.08,0,1,0,0
502,353,64.97,1,0,0,0
930,733,33.06,1,0,0,0
479,530,11.79,0,1,1,1
75,163,41.68,1,0,1,0
893,427,79.28,1,1,0,1
37,413,15.42,0,1,1,1
460,83,77.65,0,0,0,0
732,199,26.4,1,1,1,0
552,821,23.51,0,0,1,1
341,199,65.94,0,1,0,1
97,592,5.58,1,0,1,1
671,338,57.31,1,1,1,0
990,528,62.22,1,0,1,1
171,73,27.54,1,0,1,0
292,150,65.29,0,0,1,0
961,578,20.62,1,1,0,0
863,152,36.2,1,0,1,1
806,254,63.04,0,0,0,0
904,820,99.0,0,1,0,1
957,626,76.61,0,1,1,1
577,203,2.1,0,0,1,0
296,172,56.77,0,1,1,1
262,978,2.64,0,0,1,0
447,252,8.84,1,1,0,1
434,898,56.8,0,0,0,0
732,702,97.51,1,0,0,1
234,454,54.08,0,1,1,0
34,9,7.05,1,1,0,0
315,418,41.25,0,1,1,1
12,288,91.92,1,0,1,0
342,115,27.4,1,0,0,1
457,466,81.57,0,0,1,1
688,278,45.49,0,0,1,1
266,406,89.53,0,1,0,0
386,145,41.12,1,0,0,0
206,616,58.67,0,0,1,0
75,91,8.34,1,1,1,0
920,706,16.6,1,0,0,1
296,231,22.28,0,1,1,1
889,405,36.86,0,0,0,1
551,637,85.53,1,0,0,0
58,778,51.62,0,1,0,1
820,149,13.06,0,1,1,1
785,650,46.65,0,1,1,0
611,811,47.74,1,1,1,1
878,897,73.6,1,1,0,0
779,156,30.48,0,0,0,1
225,624,31.86,0,1,1,0
567,176,65.61,1,1,1,1
339,796,45.96,0,0,1,0
27,576,96.67,0,0,1,0
948,290,7.99,1,0,0,0
109,931,2.23,0,0,0,1
434,639,26.28,0,1,1,0
837,77,70.53,1,0,1,0
99,714,30.53,1,1,0,1
805,31,62.45,0,0,1,1
53,864,37.27,0,0,1,1
494,572,69.1,1,1,1,1
250,746,13.73,1,1,0,0
806,279,83.73,1,1,1,0
497,866,16.19,0,0,0,0
254,443,39.27,1,0,1,1
482,469,38.61,1,0,0,0
402,928,58.05,0,0,1,0
343,24,66.15,0,0,0,0
410,772,48.45,0,1,1,1
958,494,59.99,0,1,1,0
676,275,60.23,1,0,1,0
481,28,27.13,1,1,1,1
359,457,27.33,0,0,0,0
719,717,93.22,0,1,1,0
700,755,26.82,0,0,1,0
79,379,10.14,1,1,0,0
429,62,88.39,0,0,0,1
964,228,40.59,1,0,1,1
876,982,16.71,1,0,0,1
312,167,33.43,1,1,1,0
42,328,9.72,0,0,0,1
547,97,54.94,1,1,1,1
590,219,72.09,0,0,1,0
468,666,71.69,1,0,1,1
654,507,17.81,1,1,1,1
458,14,72.57,1,0,1,0
735,751,38.15,0,0,0,0
581,237,40.77,1,1,1,1
275,789,38.92,0,0,1,1
548,334,12.86,1,1,0,0
88,639,9.03,0,0,0,1
73,26,2.98,1,1,0,1
264,890,98.15,0,1,0,0
872,642,53.78,0,0,1,0
923,832,82.83,1,0,0,0
510,758,45.55,1,1,0,0
25,553,66.37,1,0,1,1
31,244,21.78,1,1,1,0
338,368,69.7,1,1,1,0
40,936,34.82,1,0,0,1
285,937,5.05,1,0,0,0
440,447,71.29,0,1,0,0
687,707,13.97,1,1,0,1
22,428,31.31,0,1,1,1
550,398,9.73,1,0,0,1
478,239,82.86,1,1,0,1
481,217,52.16,0,1,0,1
254,795,50.55,1,1,1,1
671,85,20.81,1,0,0,1
980,800,73.36,0,1,1,1
4,153,64.56,1,0,1,1
270,308,11.73,1,1,0,0
688,969,79.84,0,0,1,0
883,885,93.26,0,0,1,1
145,275,8.62,1,0,1,1
212,179,4.9,0,1,0,1
532,477,48.21,1,0,1,0
667,544,52.29,0,0,1,1
540,152,28.7,0,1,0,1
136,952,57.63,0,0,1,0
337,928,95.7,0,1,1,0
903,585,66.88,0,0,1,0
534,765,55.6,0,0,1,0
261,72,94.45,1,1,0,0
171,327,2.62,1,1,0,1
382,644,50.93,1,0,1,0
375,360,92.42,1,0,1,0
280,996,56.29,0,0,0,1
257,947,43.68,0,0,0,0
98,826,99.16,1,1,0,0
781,113,2.65,0,1,1,0
861,337,84.38,0,0,0,0
914,493,30.6,1,1,1,0
279,828,52.54,0,0,1,1
150,665,35.29,0,1,0,1
861,616,81.43,1,1,1,0
953,119,38.48,1,0,1,1
917,627,12.33,0,1,1,0
267,547,80.47,1,1,0,0
197,96,31.03,1,1,0,0
766,354,19.61,0,0,0,0
919,288,74.4,1,1,1,1
379,966,35.4,1,0,0,1
448,250,55.12,0,1,1,0
571,892,68.0,0,1,1,0
26,230,64.62,0,1,0,1
887,392,67.06,1,1,0,0
558,257,14.14,1,1,1,1
591,779,28.28,0,1,0,1
113,816,38.76,1,1,1,0
625,532,63.7,1,1,0,0
519,999,65.66,0,0,0,0
230,204,38.3,1,1,0,1
999,746,18.04,0,1,1,1
975,13,95.68,0,0,1,1
51,112,54.49,0,1,1,0
964,634,18.61,1,1,1,0
158,155,40.28,0,0,1,1
760,435,2.94,0,0,1,0
295,47,20.92,0,1,1,0
864,902,67.9,1,1,0,1
122,855,14.29,1,0,0,1
543,777,28.3,1,1,1,1
338,643,85.94,1,0,1,0
784,745,60.48,0,0,1,0
489,767,11.79,1,0,0,0
665,141,57.0,1,1,0,0
249,769,73.11,0,0,1,0
812,659,90.91,1,1,0,0
250,407,26.73,0,1,1,1
713,716,25.9,1,0,1,1
57,252,93.05,1,0,0,1
774,229,86.81,1,1,1,0
631,846,12.26,0,1,0,0
904,155,23.09,1,1,0,1
501,145,94.45,1,0,1,1
932,137,6.67,1,0,1,0
32,449,99.36,0,0,1,0
793,837,19.68,0,0,1,1
265,228,78.04,1,0,0,1
581,584,58.45,0,0,1,1
529,242,83.64,1,0,0,1
713,393,55.01,0,1,1,0
108,455,79.39,1,1,0,1
524,473,28.77,0,0,0,0
472,533,28.67,0,0,1,0
944,734,22.64,0,1,1,0
235,107,90.56,0,1,1,1
902,517,37.26,1,1,0,1
638,889,54.28,0,1,1,1
468,410,13.8,0,0,1,0
651,847,68.15,1,1,1,1
659,74,46.92,0,1,1,0
486,84,62.95,1,0,1,1
403,457,72.45,0,0,1,0
176,154,75.56,1,0,0,0
308,913,83.57,1,0,0,1
55,861,33.84,0,0,1,1
473,201,51.41,0,0,0,1
383,104,55.76,0,0,1,0
575,634,70.88,0,0,1,0
830,726,65.22,0,1,0,1
670,500,75.03,0,0,0,0
346,328,90.88,1,1,1,1
675,844,27.95,1,0,1,0
707,915,25.26,1,1,0,1
107,847,83.42,0,0,1,1
819,800,27.89,1,0,0,0
655,895,62.82,0,0,1,0
248,847,89.95,0,1,0,1
975,82,99.23,1,0,1,0
927,906,52.38,1,0,0,0
215,905,40.47,0,1,1,1
922,726,76.12,0,0,1,1
32,310,64.34,1,1,1,0
584,612,26.72,1,1,1,1
796,339,87.39,1,0,0,0
749,904,62.0,1,0,1,0
484,157,52.46,1,0,0,0
766,911,83.59,0,0,1,0
447,119,91.5,1,0,0,1
436,214,27.89,1,0,0,0
433,41,53.85,1,1,1,1
777,359,48.92,0,1,1,1
466,475,31.76,1,0,0,1
760,331,27.7,1,0,1,1
11,617,29.99,0,1,0,0
785,158,84.39,1,0,1,0
242,769,37.53,0,0,0,1
379,123,3.61,0,1,1,0
899,90,14.55,1,0,0,0
204,15,2.64,0,0,1,0
123,23,68.79,0,0,0,0
256,880,55.97,0,1,0,1
487,800,33.89,1,0,0,1
402,174,9.08,0,0,1,0
972,367,83.29,1,0,1,1
903,218,94.03,1,0,0,1
492,656,67.48,0,0,1,0
52,403,61.99,1,0,0,0
980,158,94.18,0,1,0,0
215,150,24.46,0,1,1,1
188,596,88.28,1,1,1,1
731,214,50.37,1,1,0,1
159,436,36.22,1,0,1,1
675,16,74.42,0,1,1,0
502,898,37.34,1,1,0,0
152,766,14.47,1,1,1,1
523,82,78.41,1,0,0,1
263,325,25.74,1,0,1,1
676,98,58.98,1,0,1,1
495,442,79.14,0,0,0,0
951,134,60.13,0,1,1,0
888,729,29.85,1,0,1,0
280,960,2.54,0,0,1,0
225,618,21.01,1,0,1,0
179,887,45.03,0,1,1,0
478,78,8.53,1,0,0,0
670,109,59.58,1,1,0,0
928,722,76.96,0,0,0,1
891,970,20.52,1,1,1,0
438,863,81.93,1,0,1,1
605,447,75.92,1,1,0,0
229,119,62.55,1,1,0,1
60,611,28.17,1,0,1,0
40,647,41.53,1,1,0,1
123,273,28.18,1,0,0,1
701,727,64.46,1,1,0,1
151,621,15.5,0,0,0,0
634,566,50.13,0,1,1,1
36,806,45.88,0,0,0,0
672,801,16.36,0,0,0,0
108,371,62.79,0,1,0,1
191,744,94.95,1,0,1,0
5,320,43.01,0,0,1,0
348,991,70.57,1,1,1,1
143,167,68.86,0,0,1,1
697,64,26.27,0,0,1,0
80,416,6.26,1,1,0,0
928,6,41.83,1,0,0,0
581,280,49.27,1,1,1,0
795,930,97.31,1,0,1,1
240,986,14.22,0,1,0,1
93,324,69.23,0,0,1,1
428,674,27.41,1,1,0,0
402,947,70.57,1,0,0,0
431,897,54.37,1,0,1,1
62,557,38.03,0,1,0,0
506,894,7.63,1,0,1,1
730,559,90.42,1,1,0,1
925,850,22.97,1,0,1,0
757,876,68.6,0,1,0,0
904,83,73.63,0,1,1,1
98,599,83.17,0,1,0,1
554,820,23.51,0,1,0,0
161,22,35.05,1,1,1,0
499,858,47.67,1,0,0,1
992,400,77.2,0,0,1,0
986,890,89.76,1,0,1,1
525,776,34.5,1,1,0,1
208,296,93.36,1,0,1,1
314,764,96.27,0,1,1,0
144,47,76.91,1,0,1,0
532,848,19.23,0,1,1,1
251,972,85.51,1,0,0,0
860,585,50.17,1,0,0,0
590,890,31.53,0,1,1,1
792,882,24.08,1,0,0,0
426,248,82.55,1,1,1,0
390,577,47.72,0,0,0,1
663,918,8.72,1,1,0,1
713,836,96.99,1,0,0,1
163,861,26.42,0,1,0,1
836,733,52.92,0,1,0,1
406,498,2.6,1,1,0,1
975,204,83.76,1,1,1,1
650,513,10.52,0,1,0,0
178,895,86.68,1,1,1,1
262,486,59.89,0,1,1,1
914,99,58.03,0,1,0,0
872,373,30.56,0,1,1,1
962,107,11.56,1,0,1,0
894,661,58.33,0,1,0,1
813,764,99.16,0,0,1,0
527,922,31.22,0,1,0,0
739,371,58.75,0,1,1,1
867,566,37.43,1,1,1,0
334,249,6.56,1,0,0,0
903,313,89.79,0,0,0,0
757,656,6.86,1,1,0,1
618,868,56.02,1,0,0,0
674,583,85.33,1,0,0,0
572,425,23.61,1,0,1,0
909,584,6.77,0,0,0,1
485,933,19.91,0,0,1,1
691,221,97.02,1,1,0,0
42,221,43.43,1,0,1,1
985,55,97.85,0,0,0,0
162,799,12.77,1,1,1,1
227,375,83.77,0,0,0,1
354,623,70.63,0,0,0,0
362,646,10.96,1,1,0,1
137,753,32.38,0,0,0,0
256,243,5.1,0,0,0,1
804,109,61.78,0,0,1,0
257,643,47.18,0,1,0,0
397,561,5.67,0,0,0,1
515,701,27.96,0,0,0,0
239,79,18.88,0,1,1,0
789,990,43.56,1,1,1,1
668,381,46.89,1,1,0,0
318,446,77.58,0,0,1,1
69,276,3.82,0,0,0,0
809,916,19.59,1,1,0,0
751,894,63.02,1,0,1,1
339,527,49.68,1,0,0,1
969,557,87.33,1,1,0,1
674,504,96.25,0,0,0,1
121,387,60.44,1,1,0,1
587,464,59.55,1,1,1,1
777,953,7.66,0,1,1,1
42,301,63.2,1,1,1,0
185,891,38.27,1,1,1,0
958,354,76.3,1,0,1,0
136,446,21.16,1,1,1,1
864,826,32.38,0,1,0,0
563,765,53.04,0,0,1,0
507,88,35.12,1,1,0,1
802,707,73.48,0,1,0,1
408,847,64.64,1,1,0,0
524,986,75.43,1,0,1,1
297,934,48.11,1,1,1,1
361,430,90.78,1,0,1,0
697,525,88.5,1,0,0,1
918,599,28.45,0,1,1,1
229,695,48.36,1,0,0,1
142,884,12.34,1,1,1,0
886,835,57.03,1,1,1,0
670,79,11.14,1,0,1,0
490,338,6.26,1,0,1,1
893,354,15.84,0,0,0,0
609,831,74.95,1,0,0,1
989,196,76.38,0,1,1,1
698,224,13.68,0,0,1,0
34,589,21.38,1,0,0,1
247,387,78.51,1,0,0,0
611,676,23.06,1,1,1,0
664,41,53.1,0,0,1,0
226,947,25.54,1,0,1,0
456,674,21.68,1,0,1,1
310,619,80.03,1,0,0,0
459,864,60.61,0,1,0,0
675,75,21.79,1,0,0,0
572,227,23.26,1,1,1,1
989,851,9.62,1,0,1,1
755,885,46.68,0,1,0,0
885,199,36.98,1,0,1,1
394,73,73.9,1,0,0,1
492,128,79.1,1,1,1,0
578,966,46.65,1,1,1,0
290,233,61.65,1,1,1,1
607,906,61.24,1,0,1,0
9,605,22.03,1,1,0,0
175,506,7.21,0,1,1,0
151,525,83.16,1,0,1,1
70,329,33.76,1,1,1,0
56,109,56.91,1,1,0,0
206,798,94.74,0,0,1,0
789,451,32.83,0,0,0,1
215,485,92.75,0,0,0,0
973,729,26.59,1,1,0,0
5,96,27.51,0,1,1,1
829,531,42.39,1,1,0,0
780,599,90.82,1,0,1,0
781,851,4.48,1,0,0,0
821,819,34.33,0,0,0,1
196,361,21.43,0,1,1,0
293,665,37.57,1,0,0,0
707,539,5.89,1,1,1,0
284,855,88.75,1,0,1,1
395,809,2.67,0,0,0,0
582,544,35.68,1,1,1,1
531,584,19.61,0,0,0,0
876,951,7.84,1,1,1,1
234,258,61.28,0,1,1,1
963,649,16.94,1,0,1,0
819,131,61.78,0,1,1,1
383,919,31.16,0,1,1,1
539,342,48.5,1,1,1,0
766,32,7.39,0,0,1,0
409,345,98.36,0,0,1,0
602,566,72.63,1,0,0,0
653,487,2.99,1,0,1,0
620,40,16.97,1,0,0,1
281,250,42.1,0,0,1,1
365,144,94.93,1,1,1,0
509,148,78.0,0,1,0,0
90,998,72.34,0,0,1,0
284,393,38.24,1,0,0,0
522,487,98.27,1,1,0,1
546,727,64.06,0,1,1,0
300,549,41.15,0,1,0,1
686,608,32.08,0,0,0,0
642,843,45.95,0,1,1,1
321,458,90.53,0,1,0,0
975,783,37.82,0,0,0,0
675,615,65.89,1,0,0,1
64,694,38.29,1,0,0,1
752,828,66.92,1,1,0,0
227,771,30.37,0,0,0,0
426,164,70.55,0,1,1,0
694,688,14.46,1,1,0,1
258,176,79.98,1,1,1,0
309,834,95.41,0,1,0,1
739,404,22.8,0,0,0,0
412,544,26.18,1,0,1,1
964,519,95.74,0,1,1,1
928,328,70.5,0,0,1,1
955,932,44.96,0,1,0,1
143,755,76.03,0,0,0,1
110,325,36.66,0,0,1,0
556,505,26.88,1,0,1,1
196,626,69.67,0,1,1,0
248,383,32.83,0,1,0,0
810,207,83.28,0,0,1,0
210,660,12.21,0,0,0,0
947,810,11.55,1,1,1,0
47,555,48.66,1,1,1,1
911,574,64.85,1,0,1,1
63,401,38.16,1,1,1,0
393,652,25.29,1,1,1,0
654,955,34.5,0,1,0,1
728,922,63.94,0,1,1,0
696,307,10.3,0,1,0,1
357,527,99.42,1,0,1,0
393,206,88.33,0,1,1,0
862,546,22.48,1,1,1,1
907,971,49.57,0,0,0,1
187,162,36.14,1,0,0,1
832,712,80.42,0,1,1,0
645,51,14.04,0,0,1,1
173,10,30.54,1,1,0,1
750,981,58.49,0,0,1,0
498,823,53.74,1,1,1,0
968,780,39.39,1,1,0,0
403,231,39.68,1,0,1,1
584,652,69.7,1,0,0,0
52,874,65.6,0,0,0,1
97,298,14.47,0,1,0,0
711,774,88.76,1,0,1,1
605,563,75.83,1,0,1,1
392,242,58.28,0,1,0,0
664,240,71.51,1,1,0,1
854,286,69.71,0,1,0,1
513,769,39.25,1,0,1,0
200,877,33.86,0,1,0,0
940,659,10.82,1,0,0,0
531,467,49.64,1,0,1,0
75,932,39.98,1,0,0,0
279,921,19.31,0,0,1,0
714,747,56.35,0,1,0,1
673,712,70.08,1,0,1,0
220,430,74.67,0,1,0,0
420,543,37.85,0,1,1,0
702,89,49.88,0,1,0,0
12,624,56.88,0,1,1,0
0,222,63.04,1,0,0,0
754,872,62.03,0,0,0,0
73,735,27.96,0,1,0,1
562,230,93.14,1,0,0,0
739,910,35.42,1,0,0,0
315,628,65.91,1,0,0,1
508,594,63.41,0,1,0,0
220,127,15.25,1,0,1,0
497,949,85.03,0,1,0,0
951,594,6.27,1,1,0,0
596,724,7.37,0,1,1,0
486,927,21.57,1,0,1,1
405,433,45.35,1,0,0,0
754,367,70.55,0,1,0,1
992,173,38.74,1,1,1,0
958,697,59.11,0,1,0,1
554,697,87.81,0,0,0,1
204,997,98.14,1,0,1,0
814,111,21.49,1,1,0,1
746,445,48.65,1,0,1,0
43,101,95.68,1,1,1,1
584,343,31.61,1,1,0,1
741,968,75.33,0,0,0,1
667,666,99.45,0,1,0,0
544,874,2.2,0,1,0,1
518,279,22.59,1,0,0,1
414,864,4.06,0,1,1,1
863,876,80.11,0,1,0,1
419,482,21.72,0,1,0,1
178,628,58.06,1,1,0,0
774,279,57.28,0,1,0,1
637,971,87.31,0,0,1,1
463,266,89.34,0,1,0,0
980,41,23.95,1,0,1,0
67,622,92.64,0,0,1,1
21,651,95.27,0,1,1,1
136,458,22.94,1,1,1,1
835,824,72.37,0,0,1,0
706,157,81.87,0,0,1,1
383,625,30.57,1,1,1,1
156,802,97.39,0,0,1,0
237,812,54.5,1,0,0,1
172,154,95.86,1,1,1,0
908,548,31.85,1,0,0,1
778,942,93.91,0,0,1,0
847,65,41.06,1,0,0,1
106,922,2.98,0,1,1,0
357,76,67.92,1,1,1,0
42,531,63.19,1,0,0,1
628,175,22.34,0,1,0,0
577,573,82.77,0,1,1,0
856,725,17.98,0,0,1,1
283,931,88.0,0,0,0,1
545,874,32.75,0,1,0,1
598,507,55.02,1,0,0,0
292,306,56.95,0,1,1,1
702,477,33.15,0,0,0,0
617,300,19.01,1,1,1,1
779,130,42.02,1,0,0,0
198,795,6.65,1,0,0,1
799,3,24.47,1,0,1,1
134,445,20.77,0,1,1,1
947,118,38.3,1,0,0,1
991,416,82.5,0,1,0,0
126,960,14.2,0,1,0,0
583,780,92.78,0,0,0,0
674,266,58.69,1,1,1,0
880,697,3.02,0,0,1,1
423,714,41.79,0,1,0,1
695,225,78.66,1,1,0,0
259,112,16.24,0,1,0,1
125,336,51.39,1,1,1,1
741,781,2.49,1,0,1,0
190,322,23.75,0,0,0,1
116,660,81.75,0,1,0,0
672,306,13.38,1,0,0,1
345,505,6.95,1,0,0,0
141,840,12.63,1,1,1,0
122,52,67.99,0,0,1,0
864,511,97.01,1,1,1,1
45,743,56.55,0,1,0,0
881,723,2.04,0,0,0,1
757,576,39.12,1,0,0,1
125,366,32.03,1,0,1,1
918,718,85.16,1,1,0,0
719,218,81.87,0,0,1,1
488,618,67.49,0,1,0,1
908,265,4.31,1,1,0,0
986,254,69.42,1,0,0,0
364,543,26.93,1,1,1,0
887,922,82.5,1,0,1,1
127,350,16.36,1,0,1,1
243,544,2.52,1,1,0,1
380,429,81.98,1,1,1,0
291,149,3.11,1,1,0,0
622,492,27.92,1,0,0,1
842,487,92.93,1,1,0,0
187,677,2.2,1,1,1,1
557,394,69.97,0,0,1,0
680,152,90.12,1,0,0,1
703,988,84.69,0,1,1,0
764,582,24.95,1,1,0,1
648,736,33.38,1,0,0,0
845,177,49.78,1,0,1,0
624,263,70.46,1,0,0,0
80,569,58.65,0,1,0,0
855,474,14.44,1,0,0,1
315,63,15.56,1,0,1,1
867,226,50.33,1,1,1,1
306,426,15.29,1,1,1,1
0,307,14.14,1,0,1,0
706,655,42.99,0,1,0,0
690,167,69.54,1,0,1,0
113,210,67.48,0,1,0,0
108,136,45.47,0,1,1,0
891,392,71.89,1,0,0,1
418,827,82.04,1,0,0,0
520,141,69.36,1,0,1,0
996,865,63.97,1,0,1,0
364,146,34.49,0,0,0,0
906,573,99.84,1,0,0,0
465,130,13.95,1,1,0,1
676,291,21.6,1,1,1,0
459,147,56.76,0,0,0,1
10,967,33.46,0,1,0,1
733,990,85.94,1,0,0,0
269,951,53.85,0,0,1,0
995,69,9.46,1,1,1,0
424,704,30.69,1,1,0,0
637,189,82.91,0,1,1,0
700,184,92.99,1,1,1,0
347,70,61.71,1,0,1,1
398,282,46.14,1,1,0,0
890,852,10.88,1,0,1,1
567,955,81.62,0,1,0,0
687,805,49.17,0,0,1,0
107,100,83.79,1,1,0,0
698,971,78.62,0,1,0,1
584,40,49.61,0,1,1,0
192,235,64.64,1,0,0,1
258,762,19.56,0,1,1,0
881,62,95.89,1,0,0,0
370,802,90.31,0,0,0,1
346,212,47.14,0,1,1,1
172,81,28.67,0,1,0,1
978,614,69.95,1,0,1,1
855,112,20.97,0,1,1,0
68,164,37.67,1,1,0,1
38,550,80.71,0,1,1,1
799,811,70.56,1,1,1,1
740,963,61.78,0,1,1,1
874,858,25.36,0,1,1,1
96,580,81.66,0,0,0,1
523,558,91.46,1,1,0,1
705,946,51.19,1,1,1,0
912,530,37.37,1,1,1,0
309,60,31.61,0,0,0,0
245,694,81.76,1,1,1,1
826,276,83.9,1,0,1,0
720,169,11.34,1,1,0,1
473,448,22.86,1,0,0,1
132,269,96.4,0,0,0,0
190,152,87.69,1,1,1,1
623,347,8.36,0,1,1,0
656,396,28.45,1,1,0,1
954,465,95.57,0,1,0,1
15,693,44.95,0,0,1,0
337,919,29.4,1,0,1,0
898,247,57.44,0,0,0,1
958,84,52.88,1,1,1,1
399,297,44.22,0,0,0,0
631,805,56.22,1,1,1,1
476,322,15.53,1,0,1,0
555,368,51.35,0,1,1,1
933,619,76.36,0,1,1,1
192,453,87.74,0,1,0,1
383,582,47.55,0,0,0,1
280,538,86.27,0,0,1,0
555,822,94.52,0,1,0,1
560,304,33.61,1,1,0,0
959,664,1.25,1,0,0,1
87,460,45.19,0,1,0,1
279,331,93.99,0,1,0,1
287,156,74.0,1,1,0,0
107,1,99.54,0,0,1,1
509,827,47.68,1,1,1,1
860,561,49.96,0,1,1,0
167,632,19.34,1,0,0,1
932,238,31.53,1,0,1,0
108,862,97.83,0,1,1,1
262,236,64.52,1,1,1,1
762,541,17.51,0,0,0,1
652,837,11.41,0,0,0,0
919,821,26.95,0,0,1,1
568,270,63.23,1,1,1,1
544,63,49.2,0,0,1,0
750,148,71.82,0,1,1,0
225,469,11.14,0,1,0,1
879,459,93.78,1,1,1,0
812,3,42.75,0,0,1,0
259,295,71.9,0,0,1,1
884,965,4.14,1,0,1,0
529,444,45.01,0,0,1,0
611,810,47.8,1,0,0,0
235,522,96.15,0,0,0,1
937,255,33.93,1,1,1,0
953,250,91.13,1,1,0,0
151,891,38.55,0,0,0,1
215,885,74.65,1,0,0,0
275,671,74.25,1,1,1,0
17,866,12.77,0,0,0,1
60,122,50.5,1,1,0,1
450,329,35.24,0,0,0,1
546,291,58.13,0,1,1,0
120,685,62.59,1,0,1,0
232,589,54.68,1,0,0,0
582,122,20.02,0,0,1,0
13,433,73.01,0,0,0,0
691,369,62.33,1,1,1,1
369,868,57.78,1,0,1,0
878,580,97.63,1,0,0,1
791,944,91.95,0,1,1,0
285,52,30.33,1,0,0,0
411,120,39.94,0,1,1,0
559,995,74.61,1,1,0,1
896,531,93.17,0,0,0,0
300,983,7.45,1,0,0,0
773,587,93.05,0,0,0,1
105,121,29.43,0,0,1,1
657,728,71.34,1,0,0,1
304,579,76.11,0,0,0,1
705,670,6.29,0,1,0,0
204,867,60.17,0,0,0,0
846,776,51.66,0,0,0,1
637,716,25.84,1,1,0,0
638,968,80.6,1,0,0,0
128,332,29.64,1,0,0,0
897,480,79.03,0,1,1,1
782,419,18.41,0,0,0,0
773,816,71.31,1,1,0,0
188,743,89.07,1,0,1,1
390,50,8.3,0,1,0,0
53,915,87.44,0,0,1,0
146,21,94.69,0,0,0,0
896,302,41.77,0,0,1,0
861,432,34.98,0,1,0,0
767,36,81.17,0,1,0,0
180,894,64.15,0,1,0,1
713,550,63.26,1,0,0,1
697,521,77.89,0,1,1,1
273,897,87.57,0,0,0,0
272,613,15.13,1,1,1,0
796,823,99.98,0,0,1,1
761,704,53.13,0,0,1,0
853,877,59.38,0,0,1,0
361,855,63.3,0,0,0,1
675,71,34.87,0,1,0,1
736,431,31.63,1,0,1,1
922,624,15.86,0,1,1,1
78,326,33.64,1,1,1,0
585,562,4.61,0,1,0,0
811,978,35.29,1,0,1,0
920,754,88.71,0,1,0,0
262,181,70.41,1,1,1,1
970,113,65.09,0,0,0,1
639,395,61.2,1,0,1,1
822,696,2.19,1,1,1,1
297,706,98.75,1,0,1,0
631,568,29.18,0,0,0,1
32,204,38.41,1,0,0,0
270,438,63.97,0,1,0,0
47,347,88.42,0,0,1,1
61,155,85.2,0,1,0,1
577,316,48.75,1,1,0,1
89,650,85.38,0,1,0,1
409,673,39.51,1,1,1,1
861,884,29.84,1,0,1,1
243,420,97.97,0,1,1,1
142,165,91.89,1,1,1,0
731,49,98.46,1,1,0,0
590,329,93.0,0,0,1,1
554,586,70.49,1,0,0,1
153,272,5.96,1,1,0,0
585,841,19.69,1,1,0,1
416,280,67.2,1,0,0,1
639,288,79.11,0,1,0,0
805,557,67.7,0,0,0,0
686,63,71.83,0,0,0,0
873,768,24.06,0,1,0,1
663,796,47.84,0,0,0,0
973,752,87.97,0,0,1,0
430,316,88.39,1,0,0,0
324,980,36.86,1,0,0,0
779,185,7.53,1,1,0,1
406,735,16.25,1,0,1,0
632,624,1.95,0,0,0,1
852,861,51.02,1,0,0,1
314,203,81.65,1,0,1,0
28,508,59.56,1,0,0,0
758,964,53.29,1,0,0,1
585,554,32.65,1,1,0,1
364,588,94.35,1,1,0,1
646,824,44.86,0,1,1,1
661,913,71.83,1,0,0,1
715,410,51.26,0,1,1,1
992,544,43.95,0,0,1,1
771,204,97.13,0,0,1,1
228,364,88.59,1,0,1,0
819,586,63.6,0,1,1,0
944,368,60.72,1,0,1,0
750,310,36.58,1,1,1,0
387,321,34.01,0,0,1,0
353,631,34.85,1,0,1,1
287,793,77.58,0,0,1,1
996,790,70.88,1,1,0,0
972,243,79.99,1,0,1,1
277,818,84.94,0,0,0,1
545,210,20.76,1,1,1,1
834,949,69.21,1,0,0,0
833,496,20.3,0,0,0,0
440,314,85.86,1,1,1,0
604,417,51.6,0,1,1,0
770,938,46.94,1,0,0,1
724,8,43.44,1,0,1,0
382,732,52.59,0,1,1,1
439,93,60.35,1,1,1,0
225,475,6.48,1,1,1,1
156,327,96.73,0,1,1,0
709,470,57.19,0,1,1,1
162,211,37.05,0,1,0,0
415,162,28.18,0,1,1,1
574,455,90.78,0,1,0,0
112,99,4.44,0,0,0,1
995,462,72.75,1,0,1,1
29,572,64.34,0,0,1,1
309,679,65.94,0,0,1,1
779,608,40.55,0,0,1,0
132,574,84.39,0,1,0,0
50,444,75.22,1,1,0,1
458,957,32.82,0,0,0,1
879,80,16.28,1,1,1,0
338,112,44.99,1,0,1,1
714,327,44.94,1,0,1,1
430,850,33.13,1,1,1,0
384,915,88.45,1,1,1,0
428,854,41.42,1,1,0,0
166,547,91.36,1,0,0,1
708,502,11.37,1,0,1,0
525,921,80.8,1,0,0,1
199,835,62.54,0,1,1,1
655,877,78.55,1,0,1,1
42,609,84.53,1,1,0,1
601,10,1.56,1,0,1,1
598,5,22.64,1,1,0,1
708,174,56.91,1,1,1,0
412,851,52.47,1,0,0,1
324,104,53.41,1,1,1,1
943,442,4.39,0,1,1,1
775,635,77.29,1,1,0,1
560,642,94.34,1,1,0,1
351,56,95.8,1,0,0,0
322,912,5.99,0,1,0,0
737,381,54.34,1,1,0,0
857,445,78.24,0,0,0,1
298,563,1.34,0,0,0,1
898,968,62.84,1,1,1,1
277,845,87.88,1,0,1,0
836,557,93.57,0,1,0,0
175,279,4.9,1,1,0,1
63,753,30.94,1,0,0,1
769,674,31.51,0,0,1,1
246,217,47.14,0,1,1,0
891,423,24.35,0,1,0,0
59,1,14.94,0,0,0,1
755,628,37.42,0,0,0,0
185,778,41.95,0,0,0,0
942,567,72.69,1,0,1,0
771,104,20.04,0,0,1,1
379,450,87.04,1,0,1,1
815,568,45.75,1,0,1,1
8,847,66.9,0,0,0,1
400,380,97.15,0,0,1,0
675,884,34.66,1,1,1,1
227,477,78.09,0,0,1,0
267,543,23.79,0,1,0,1
444,617,11.32,0,1,1,0
790,789,80.22,1,0,1,0
835,344,45.21,1,1,0,1
28,676,2.2,1,0,0,1
231,915,72.6,0,0,1,0
475,392,82.65,0,0,1,1
6,74,13.6,0,1,1,1
485,37,30.07,1,0,1,0
311,961,3.91,1,0,1,0
164,40,4.86,0,1,0,0
71,637,72.52,1,1,0,1
774,344,44.4,0,1,0,0
154,952,91.87,0,0,1,0
690,818,96.84,0,1,0,0
317,349,55.2,0,1,1,0
953,80,70.09,1,0,1,1
208,90,39.54,1,0,0,1
695,562,65.92,0,0,1,0
737,853,87.28,0,1,1,1
595,779,56.19,0,0,1,0
786,172,8.77,1,0,1,0
697,954,52.28,1,0,0,0
647,933,35.46,0,0,1,0
875,317,86.86,1,0,0,1
993,945,65.88,1,0,0,0
612,523,27.89,1,1,0,0
877,116,81.04,1,1,0,0
614,348,6.62,0,1,0,1
140,981,6.83,1,0,0,0
408,979,17.56,1,1,0,1
6,159,90.29,1,1,0,0
791,534,83.59,1,0,1,0
387,401,22.28,0,0,0,0
352,778,84.37,0,1,1,0
617,882,7.73,0,1,1,1
139,895,4.32,0,0,1,1
884,719,63.32,1,0,0,1
285,66,94.6,0,1,0,1
846,770,22.87,0,1,0,1
498,966,50.31,0,1,0,0
707,496,6.64,1,0,0,0
348,825,60.05,1,1,1,0
504,936,16.55,0,1,1,1
487,125,44.4,0,0,1,1
629,303,42.7,1,0,0,0
349,505,31.67,1,1,0,1
541,982,16.9,0,0,0,0
71,852,80.1,1,0,0,1
904,481,11.68,1,0,0,1
211,455,30.07,1,0,1,1
543,344,12.8,1,1,1,1
495,625,85.44,0,0,1,0
945,812,66.99,0,0,0,0
141,69,59.46,0,0,0,1
784,852,93.3,0,0,1,0
481,376,70.63,1,1,1,1
690,602,33.94,1,1,0,1
493,330,83.38,0,0,1,1
924,712,85.76,0,0,0,1
187,974,3.67,1,0,0,0
751,891,99.66,1,1,1,1
156,141,56.26,0,1,1,0
656,312,36.5,1,1,1,1
824,549,26.8,0,0,1,1
126,824,5.68,1,1,0,1
990,40,96.77,1,0,1,0
487,700,67.44,0,1,1,0
757,598,38.39,1,1,1,1
983,201,47.65,1,1,1,0
633,166,94.31,1,1,1,0
181,620,91.44,1,0,1,0
517,322,60.36,1,1,1,0
659,685,96.55,1,1,1,0
358,661,97.3,0,1,1,1
862,629,82.08,1,0,0,0
726,884,35.76,1,1,0,0
191,837,86.02,1,0,0,0
763,863,49.02,0,1,1,0
431,703,36.6,1,0,1,0
699,138,57.15,0,0,1,1
767,482,68.02,1,1,1,0
698,524,25.56,1,1,1,1
434,57,65.13,0,0,0,1
850,743,30.81,0,1,0,0
594,972,73.99,0,0,0,1
823,153,47.65,0,1,0,0
368,779,3.48,0,0,1,1
653,77,77.49,1,0,1,1
174,642,35.55,0,1,0,0
323,607,49.1,0,1,1,1
123,926,98.58,1,0,1,0
669,248,76.05,1,1,0,1
341,548,37.49,1,0,1,1
593,536,11.16,1,1,0,1
351,229,34.51,1,1,1,0
142,342,48.78,0,0,0,0
72,161,68.46,0,0,1,1
719,550,92.25,1,0,0,1
960,576,9.22,0,1,0,1
398,634,39.02,0,1,1,1
418,950,53.23,0,0,1,0
664,800,14.12,0,1,1,1
60,522,16.93,0,0,1,0
268,474,88.64,0,1,0,0
939,710,10.9,1,0,1,0
438,606,24.24,0,1,0,0
311,356,66.85,0,1,1,0
406,12,51.21,1,0,1,0
607,51,14.1,1,0,1,1
415,276,63.73,1,1,1,1
369,385,46.64,0,1,0,0
944,444,77.39,1,1,1,0
882,391,78.09,1,1,0,0
906,941,20.77,1,1,0,0
495,339,6.23,1,0,1,1
24,955,88.1,0,0,1,0
875,101,72.15,0,1,1,1
700,425,25.15,0,1,1,0
630,441,16.09,0,0,0,0
137,502,11.35,1,0,1,1
941,797,39.92,0,0,1,0
879,56,62.68,1,1,0,0
246,537,17.83,0,0,0,1
474,927,48.53,1,0,0,1
463,959,70.98,0,0,0,1
496,879,81.21,1,0,1,0
826,645,21.14,0,0,1,0
235,445,74.18,1,1,0,1
99,667,31.65,0,1,0,1
489,807,19.59,1,0,0,1
451,149,36.64,0,0,1,0
433,453,26.85,1,1,1,0
832,330,15.66,0,0,0,0
928,801,4.15,0,0,0,0
880,554,17.21,1,0,0,0
962,550,75.35,0,0,0,1
595,346,30.54,1,1,0,1
158,306,49.62,0,1,0,0
171,617,78.94,0,0,0,0
597,168,36.5,0,1,1,1
888,57,19.47,0,0,0,1
664,21,29.23,1,0,0,1
950,337,83.71,1,1,0,1
958,447,14.29,0,1,1,0
597,53,84.7,0,1,1,1
358,244,36.32,1,1,0,0
671,760,42.98,0,1,0,0
924,785,79.88,0,1,0,0
302,719,22.78,0,0,1,1
357,53,74.01,1,0,1,0
879,708,93.04,0,0,1,1
499,661,54.13,1,0,1,1
372,719,58.52,0,0,1,0
558,491,68.54,0,1,0,0
963,775,92.64,1,1,0,0
795,449,51.55,1,0,0,1
553,939,40.65,1,0,0,0
21,464,64.27,1,1,0,1
514,761,36.19,0,0,0,1
301,709,59.36,1,0,0,0
692,71,82.32,1,1,0,1
244,857,14.32,1,0,1,0
515,727,44.82,1,0,1,0
433,743,85.75,0,1,0,1
153,0,17.88,1,0,1,0
881,907,84.76,0,0,1,1
888,241,95.69,1,0,1,1
632,432,39.3,0,1,0,0
362,627,19.91,0,1,1,0
492,71,24.31,1,0,0,0
25,7,49.07,0,1,1,0
316,777,32.11,0,0,1,1
439,971,90.33,1,0,1,0
176,71,92.56,1,1,1,0
646,314,99.26,1,0,1,1
782,420,25.55,0,1,0,0
679,694,13.73,1,0,0,0
687,389,72.14,0,0,0,0
62,816,43.16,0,0,0,0
741,312,91.09,0,0,0,1
683,399,87.98,0,1,0,1
80,289,54.16,1,1,1,1
191,654,73.21,1,1,0,0
493,44,88.15,0,1,1,1
85,826,39.45,1,1,1,1
655,651,91.64,1,1,0,1
153,803,17.97,0,0,1,0
102,513,77.0,1,0,1,1
999,798,26.58,0,0,0,1
476,530,83.6,0,0,1,0
530,773,42.39,1,0,1,0
354,997,15.04,0,1,0,1
124,338,78.89,1,0,1,1
553,900,74.96,0,0,1,1
958,321,47.15,1,0,0,0
932,942,60.38,0,0,1,1
516,453,83.78,1,0,1,1
297,134,8.12,1,1,1,0
21,404,56.39,0,1,1,1
726,844,96.81,0,1,1,1
729,282,97.5,1,1,0,0
993,90,47.98,0,1,1,1
863,268,35.44,0,0,0,0
413,661,40.81,1,1,0,1
654,709,28.37,1,0,0,1
251,573,37.79,0,0,1,1
468,385,39.73,1,0,0,1
13,539,63.19,1,0,0,1
272,723,50.71,0,1,0,1
46,579,91.19,0,0,0,1
601,812,82.99,0,0,1,1
597,519,95.52,0,1,1,1
629,183,95.14,1,0,1,1
648,394,46.7,1,1,0,0
692,154,69.44,1,0,1,0
705,253,3.71,1,0,0,0
22,930,60.03,1,0,1,1
357,730,74.92,1,1,0,1
344,421,61.46,0,0,1,0
484,826,25.16,1,0,0,0
151,783,66.18,1,1,0,0
682,803,26.44,1,0,0,1
359,263,72.27,1,0,0,0
138,622,63.24,1,0,0,1
706,502,37.8,1,0,1,0
185,753,13.95,1,0,1,0
858,175,58.59,1,0,0,0
646,272,44.35,1,1,1,0
646,67,97.14,1,0,1,0
841,362,48.43,0,0,1,0
866,549,3.96,0,0,1,1
430,281,61.12,1,0,0,1
295,16,51.01,0,1,1,0
745,518,50.9,1,1,1,1
133,224,91.27,0,1,1,1
918,174,57.8,1,0,0,1
684,366,12.11,0,0,1,0
143,638,36.95,0,1,0,1
979,765,17.67,0,0,1,0
197,85,80.86,1,1,0,0
573,982,69.9,0,1,0,1
680,133,55.62,1,1,0,0
763,133,88.96,1,0,0,1
396,493,72.15,0,1,0,1
980,153,41.38,0,0,1,0
899,676,93.65,0,0,0,1
163,120,5.04,1,0,1,0
578,478,4.23,1,0,0,0
906,597,18.66,0,0,1,1
707,550,12.31,0,1,1,1
6,918,67.24,1,1,0,1
605,748,8.77,0,1,0,0
517,58,36.33,1,1,1,1
855,400,79.9,1,1,0,0
970,813,6.82,1,1,1,0
720,585,82.23,1,0,0,1
396,863,68.76,0,0,0,0
117,605,26.66,1,1,1,0
918,812,48.63,1,0,1,1
41,195,40.07,0,0,1,0
378,814,60.77,0,1,0,0
390,879,58.24,0,0,0,0
741,249,71.05,1,1,0,1
748,995,48.2,0,1,0,0
662,691,66.66,0,0,1,1
394,245,51.03,1,0,1,0
930,267,52.61,1,0,0,1
633,867,86.96,1,0,1,0
902,294,84.44,1,1,0,1
348,704,32.59,1,0,1,1
252,629,10.21,0,1,0,1
301,680,70.6,1,0,1,0
0,727,14.65,1,0,0,1
839,980,90.18,1,1,1,1
773,750,94.48,1,0,1,1
131,618,99.56,1,0,1,0
939,540,57.36,0,1,1,1
262,275,41.81,0,0,1,1
876,47,58.06,0,1,0,1
916,62,36.77,1,0,1,0
441,208,1.04,0,1,0,1
547,731,57.58,1,0,1,0
979,282,96.12,1,0,1,1
814,426,69.2,0,0,1,1
160,630,21.05,0,0,0,1
225,665,78.56,0,1,0,0
940,12,19.54,1,0,1,0
248,738,73.25,1,1,1,0
250,156,93.71,0,0,1,0
84,455,32.89,1,0,0,1
726,449,37.88,1,1,1,0
590,491,85.85,1,0,0,0
72,902,6.66,0,0,0,0
990,504,77.72,1,1,1,0
237,106,84.41,0,0,1,0
384,422,62.16,1,1,0,0
47,823,98.65,0,1,1,0
222,547,11.84,0,1,1,1
372,816,47.06,1,1,0,0
207,321,32.77,0,0,1,0
142,110,87.1,1,1,0,1
107,409,37.01,1,1,1,0
43,208,50.94,1,1,0,1
874,154,50.96,0,1,1,0
7,589,40.87,0,0,1,0
458,492,93.23,1,0,0,1
776,477,52.93,1,1,1,0
951,174,96.15,1,0,0,1
402,74,98.94,1,1,1,1
390,472,50.86,0,1,1,1
7,362,23.85,1,1,1,1
341,708,38.39,0,0,1,0
943,461,53.25,0,0,1,1
291,139,99.98,1,0,1,0
506,745,42.38,0,0,1,0
5,99,7.53,0,1,1,1
25,108,17.23,1,1,0,1
112,841,41.94,0,0,0,1
386,948,36.75,0,1,0,0
763,178,1.77,0,0,1,0
722,544,43.85,1,0,1,1
998,739,60.92,0,0,1,0
821,953,91.02,1,0,0,1
414,973,78.67,1,1,0,0
279,470,53.82,0,0,0,0
394,869,7.07,1,0,0,1
194,369,35.64,0,1,0,1
265,185,58.09,1,1,0,0
722,869,56.82,1,0,0,1
608,622,90.41,1,1,1,1
945,516,31.07,1,1,1,0
361,981,61.15,0,1,0,1
983,975,58.62,1,1,0,0
490,430,77.81,1,1,0,0
713,492,51.86,0,0,1,0
139,496,9.21,0,0,1,0
747,832,51.16,0,0,0,0
952,194,22.71,0,0,1,1
162,756,53.55,0,0,0,1
639,679,97.73,0,0,1,1
38,385,42.15,1,1,0,1
228,264,25.93,0,1,0,0
759,369,90.8,0,0,0,0
145,244,30.11,1,0,0,0
490,708,86.09,1,0,0,1
811,801,61.31,0,1,0,0
486,121,29.25,0,0,1,0
70,758,17.81,1,0,0,0
137,133,36.36,1,0,1,1
316,342,73.16,0,0,0,0
220,512,36.96,1,0,0,1
339,619,23.38,1,1,0,0
466,497,99.67,0,1,0,1
395,288,19.11,1,1,0,1
24,972,63.12,1,0,0,1
35,783,99.37,0,1,1,1
862,792,61.44,1,1,0,0
458,194,51.95,0,0,0,1
763,303,53.36,0,0,1,1
719,942,44.9,1,1,1,0
988,298,32.54,0,1,0,0
443,695,25.07,1,1,0,1
176,34,69.44,1,1,1,1
198,678,62.86,1,1,1,1
951,700,22.25,1,0,1,0
926,99,44.93,1,1,1,1
388,56,30.55,0,0,1,0
65,875,39.54,1,1,1,1
289,697,41.97,0,0,1,0
509,554,14.07,0,0,0,1
145,144,32.62,1,1,0,1
313,114,53.2,1,1,0,0
700,794,84.45,0,0,0,0
256,289,78.51,0,0,1,0
157,841,59.87,1,1,0,1
812,378,74.76,0,0,0,0
219,465,27.14,0,0,1,1
46,345,12.07,1,0,1,0
489,11,52.33,1,0,0,1
177,185,81.66,1,0,0,1
615,999,22.13,0,0,0,1
549,845,9.7,0,1,1,1
63,420,75.19,0,0,1,1
796,47,70.47,1,0,0,0
952,389,69.51,1,1,1,0
538,421,89.13,0,1,1,1
643,904,37.19,1,0,1,1
625,754,93.66,1,0,0,0
411,432,82.08,0,1,1,1
570,908,65.81,0,1,0,1
470,543,28.54,1,0,1,0
631,395,11.34,0,1,0,0
135,83,43.52,1,1,1,0
67,122,59.0,0,0,1,1
49,274,84.49,0,1,0,1
111,911,66.12,1,0,1,0
412,462,79.99,1,0,1,0
806,804,31.07,1,1,1,0
85,830,72.15,0,1,1,0
232,110,79.15,1,0,1,1
564,704,30.04,1,1,0,0
617,724,42.51,1,1,0,1
228,186,39.6,0,0,1,1
723,932,99.02,0,1,1,0
999,90,8.02,1,0,1,1
243,307,78.91,0,0,1,1
727,118,84.49,1,0,1,0
952,156,8.06,1,1,1,0
65,622,37.38,0,0,1,1
829,794,2.0,1,1,0,1
639,518,34.13,0,1,1,1
724,479,10.79,0,0,1,1
641,933,65.05,0,1,0,0
745,940,64.15,1,1,0,0
919,218,13.23,1,1,1,1
44,311,14.64,0,1,1,0
832,9,50.03,1,1,0,1
243,975,82.3,0,1,0,1
791,980,30.8,1,0,0,1
987,46,96.14,1,1,0,0
831,167,64.62,1,1,0,1
502,953,6.52,1,0,1,0
279,860,95.85,1,1,1,1
314,734,13.25,1,0,1,1
989,555,12.02,0,1,0,0
436,518,94.42,1,0,0,0
982,690,11.89,1,0,1,0
677,481,52.17,1,1,0,1
78,483,43.77,1,0,0,1
910,573,50.99,1,0,1,1
440,758,24.01,1,0,0,0
743,300,46.15,1,1,0,0
800,608,39.15,1,1,1,0
255,654,1.04,1,0,1,0
378,729,6.13,1,0,0,1
838,100,17.44,1,0,0,1
544,992,30.85,0,0,1,0
724,60,56.48,0,0,0,0
888,881,92.79,1,0,1,1
38,352,25.83,1,0,1,0
153,694,76.23,1,1,1,1
128,17,34.41,0,0,0,1
159,599,26.29,1,1,0,0
291,868,33.44,0,1,0,1
859,680,50.82,1,1,0,0
696,415,96.84,0,1,1,0
637,322,1.66,0,1,0,1
847,123,24.81,0,0,0,0
853,801,31.57,0,0,0,1
192,564,82.41,0,1,1,0
598,870,15.14,1,0,1,0
500,478,68.66,1,0,1,0
223,956,22.06,0,1,0,1
225,838,17.59,0,1,0,0
832,144,16.96,1,0,1,0
715,14,21.24,0,1,1,1
1,229,53.3,1,0,0,0
785,502,96.65,1,0,1,0
989,462,43.54,1,0,0,0
603,882,53.23,1,0,0,0
32,750,61.72,1,0,0,1
728,110,59.25,1,0,0,0
992,832,66.52,0,0,1,0
184,567,71.12,1,0,0,0
291,108,55.75,0,1,1,1
230,489,20.32,1,1,1,1
491,320,4.96,1,1,1,1
36,701,39.93,0,1,0,1
137,247,76.34,0,0,1,1
325,165,70.07,0,0,0,1
651,805,82.9,0,0,0,1
746,285,9.07,1,1,1,0
565,842,38.34,1,0,1,1
944,988,39.05,0,0,0,1
805,73,6.2,0,1,0,0
242,591,46.6,1,1,1,0
945,312,36.93,1,1,1,1
626,302,81.46,1,0,1,1
198,73,70.8,0,1,0,1
432,848,97.46,0,1,1,1
597,949,33.66,0,1,1,0
273,998,93.84,0,1,0,0
732,181,3.37,1,0,1,0
